:020000040800F2
:10D0000010980020C5D1000869DA00085DD9000831
:10D0100065DA000879D8000881E200080000000005
:10D020000000000000000000000000007DDF00089C
:10D030007DD800080000000075DF0008E9D1000875
:10D04000DFD10008DFD10008DFD10008DFD1000800
:10D05000DFD10008DFD1000881D80008DFD1000847
:10D06000DFD10008DFD10008DFD10008DFD10008E0
:10D07000DFD10008DFD10008DFD10008DFD10008D0
:10D08000DFD10008DFD10008DFD10008DFD10008C0
:10D09000DFD10008DFD10008DFD10008DFD10008B0
:10D0A000DFD10008DFD10008DFD10008DFD10008A0
:10D0B000DFD10008DFD10008DFD10008DFD1000890
:10D0C000DFD10008DFD10008DFD10008DFD1000880
:10D0D000DFD10008ADE10008DFD1000859E2000807
:10D0E000DFD10008DFD10008DFD10008DFD1000860
:10D0F000DFD10008DFD10008DFD10008DFD1000850
:10D10000DFD1000879DF0008DFD10008DFD1000897
:10D11000DFD10008DFD10008DFD10008DFD100082F
:10D12000DFD10008DFD10008DFD10008DFD100081F
:10D13000DFD10008DFD10008DFD10008DFD100080F
:10D14000DFD10008DFD10008DFD10008DFD10008FF
:10D15000DFD10008DFD10008DFD10008DFD10008EF
:10D16000DFD10008DFD10008DFD10008DFD10008DF
:10D17000DFD10008DFD10008DFD100080000000087
:10D18000DFD10008DFD10008DFD10008DFD10008BF
:10D19000DFD10008DFD10008DFD100080000000067
:10D1A000DFD10008DFD10008DFD10008DFF810D0A0
:10D1B00000F0BCFA00F094F800480047B10E0108F6
:10D1C000109800200648804706480047FEE7FEE723
:10D1D000FEE7FEE7FEE7FEE7FEE7FEE7FEE7FEE727
:10D1E00085DF0008ADD1000830B410B50348804792
:10D1F00030BCAE4630BC0248004700004520010864
:10D2000081DF000800BF7047854670472DE9F04177
:10D210000024061B254671F1000605DA01240027CB
:10D22000D0EB070067EB0101161E73F1000605DA6B
:10D230000027D2EB0702012567EB030300F08DF80E
:10D2400086460E4617469C46AC4204D00025D0EBDD
:10D25000050E65EB010624B10020D2EB000760EB60
:10D26000030C704631463A466346BDE8F08140EA19
:10D2700001039B0703D009E008C9121F08C0042A54
:10D28000FAD203E011F8013B00F8013B521EF9D23B
:10D290007047D2B201E000F8012B491EFBD2704763
:10D2A0000022F6E710B513460A4604461946FFF772
:10D2B000F0FF204610BD421C10F8011B0029FBD1D5
:10D2C000801A704730B504460020034600E05B1C1E
:10D2D000934203D2E05CCD5C401BF8D030BD00002F
:10D2E0007CB507480090074801900546009C04E083
:10D2F0002046016808448047241DAC42F8D17CBD1B
:10D30000D4780108D878010800F0004230F00040DD
:10D310000AD0C10D01F56071C0F3160042EA015157
:10D32000C20840071143704700200146704730B5DE
:10D330000B46014600202022012409E021FA02F5D3
:10D340009D4205D303FA02F5491B04FA02F528446D
:10D35000151EA2F10102F1DC30BD2DE9F05F05469A
:10D36000002092469B4688460646814640241BE0A4
:10D37000284641464746224600F0FFF953465A46A2
:10D38000C01A914110D311461846224600F0E6F922
:10D390002D1A67EB01084F4622460120002100F0BC
:10D3A000DDF917EB00094E41201EA4F10104DFDC7A
:10D3B000484631462A464346BDE8F09F2DE9FE4FD8
:10D3C000804681EA0300C00F0C46009021F0004126
:10D3D00023F00045B8EB0200A94105D240462146A2
:10D3E00090461C460B46024623F00040104347D0AF
:10D3F000270DC7F30A00C3F30A510290401A0190A7
:10D4000040286BDAC3F3130040F4801B0098924667
:10D4100020B10023D2EB030A63EB0B0B01985946B2
:10D42000C0F14002504600F099F906460D465046BC
:10D430005946019A00F0B1F910EB0800614100244F
:10D4400087EA115284EAE7731A4340D0009A62B324
:10D45000019A012A4FEA075215DC001B61EB020119
:10D460004FF0004202EA0752CDE90042001C41F5AC
:10D47000801132462B4600F0B1F903B0BDE8F08FC1
:10D4800040462146F9E7001B61EB0201001C41F513
:10D49000801300185B412018A2F5001747EB030129
:10D4A00040EAD570B6196D4111E06D084FEA3606B5
:10D4B00045EAC0754FEA0752001B61EB0201001CF0
:10D4C00041F5801149084FEA3000001951413246B8
:10D4D0002B4603B0BDE8F04F00F071B9009801226F
:10D4E00040000023D0EB020263EBE073009821467A
:10D4F0004FEAE074B8EB000061EB0401E9E783F068
:10D5000000435BE781F0004158E72DE9FE4F81EAD7
:10D51000030404F0004421F0004100944FF0000B9C
:10D5200023F0004350EA01045ED052EA03045BD0CA
:10D53000C3F30A54C1F30A552C44A4F2F334019402
:10D54000A0FB0254C1F3130141F48011C3F3130390
:10D5500043F4801301FB024400FB034E840A970A44
:10D5600044EA815447EA8357A4FB076802958D0A71
:10D5700005FB07854FEA932C04FB0C542705029DFD
:10D580004FEA065847EA1637B5EB08056EEB070C6D
:10D59000870E920E47EA811742EA8312A7FB020127
:10D5A000B6EB0B0164EB00042B0D43EA0C335E1861
:10D5B00044EB1C50DA465146E7FB0201C5F3130465
:10D5C0004FEA0B3343EA14534FEA0432019C43EA17
:10D5D0000603A4F10C040294009CCDE900B400F011
:10D5E000FDF803B0BDE8F08F00200146F9E72DE912
:10D5F000F04D81EA030404F0004B21F0004514468D
:10D600004FF0000A23F0004150EA050220D054EA0E
:10D6100001021DD0C5F30A570246C5F31303C1F337
:10D620001300C1F30A5640F4801543F48013A7EBAE
:10D630000608101BD64608F2FD3873EB050002D32E
:10D6400008F1010801E092185B41B8F1000F03DA1C
:10D6500000200146BDE8F08D00204FF48011064601
:10D6600084460EE0171B73EB050705D3121B63EB13
:10D67000050306434CEA010C49084FEA30009218B2
:10D680005B4150EA0107EDD152EA030012D082EA71
:10D69000040083EA0501084305D0101BAB4106D204
:10D6A0000122002306E000224FF0004302E06FF069
:10D6B000010253101AEB06004CEB085110EB0A0064
:10D6C00041EB0B01BDE8F04D00F079B8C1F30A520F
:10D6D000C1F3130140F2FF3341F480119A4202DAA0
:10D6E00000200146704740F233439A42A2F233428F
:10D6F00002DC524200F041B800F030B830B5041EF0
:10D7000071F1000404DB4FF00044404264EB01017E
:10D71000141E73F1000405DB1C464FF00043524217
:10D7200063EB0403994208BF904230BD1CB5094821
:10D730000090094801900546009C06E0E06840F032
:10D74000010394E8070098471034AC42F6D3FFF782
:10D7500031FD0000A4780108D4780108202A04DBF8
:10D76000203A00FA02F1002070479140C2F12003F4
:10D7700020FA03F3194390407047202A04DB203A33
:10D7800021FA02F00021704721FA02F3D040C2F1E1
:10D7900020029140084319467047202A06DBCB1728
:10D7A000203A41FA02F043EAE07306E041FA02F35C
:10D7B000D040C2F12002914008431946704710B58D
:10D7C000141E73F1000408DA401C41F100019218A4
:10D7D0005B411A4301D120F0010010BD2DE9F04D4D
:10D7E00092469B4611B1B1FA81F202E0B0FA80F2A2
:10D7F00020329046FFF7B2FF04460F4640EA0A0087
:10D8000041EA0B0153465A46084313D0114653EAE6
:10D81000010019D0C8F140025046FFF7AEFF05469F
:10D820000E46504659464246FFF798FF084305D03A
:10D83000012004E020463946BDE8F08D0020054374
:10D8400046EAE0762C4337430A986305E40AA0EBE6
:10D8500008000022FD0A44EA47540A3002D500209D
:10D860000146E9E7010510196941DDE9084500199C
:10D870006941BDE8F04DA2E7FEE70000FEE70000C9
:10D8800080B5012002F00EFB002808BF80BD0120FA
:10D89000BDE8804002F000BB2DE9F04740F27E0574
:10D8A00041F20008C2F200054AF22820C4F2010841
:10D8B000288008F5105006F0A3FF28786978C0F397
:10D8C0004202120342EAC032C0F3021342EA432288
:10D8D00000F0800042EA400001F0070240EA4210F6
:10D8E00001F008024FF0080940EA420009EA51023B
:10D8F0004FF0060A10440AEA111242EAD111084315
:10D9000080B207F0C9F828786978C203C0F34203EF
:10D9100092B2C0F3021542EA033200F0800042EAFC
:10D92000452201F0070442EA400001F0080640EAFF
:10D93000441009EA51070AEA111C40EA460038433C
:10D940004CEAD11140EA010202A14046BDE8F0478D
:10D9500003F0A6BB3078253458000000FEE7000035
:10D96000B0B540F20044C4F2020420460121002276
:10D970004FF44073002503F0BDF820460021022239
:10D980004FF4407303F0E0F820464FF4407103F089
:10D99000A9F80A2004F0CAFA20464FF4807103F077
:10D9A0009FF8052004F0C2FA20464FF4807103F07E
:10D9B00099F8052004F0BAFA082D05F10105EBD31A
:10D9C00020464FF4807103F08DF820464FF400712B
:10D9D00003F086F8052004F0A9FA20464FF4007100
:10D9E00003F080F8052004F0A1FA2046022101226C
:10D9F0004FF4007303F07EF82046012102224FF419
:10DA0000007303F0A1F82046022101224FF4807335
:10DA100003F070F82046012102224FF4807303F0D6
:10DA200093F8A4F5D834204603F024F941F6802178
:10DA3000C0F206012046002203F0B0F82046002183
:10DA40000022722303F06AF9204603F03DF92046D4
:10DA50004FF4806103F09CF80A20BDE8B04004F068
:10DA600065BA0000FEE70000FEE7000070B5642024
:10DA700004F05CFA40F20405C2F2000540F21D0415
:10DA80002878C2F200040121217000F0ABF8207860
:10DA900088B30126162E0AD0A85D00F0A3F82078DE
:10DAA00001360028F6D1B01E152838BF70BD0024FD
:10DAB00044F0B000C0B200F095F80020002500F05E
:10DAC00091F8102000F08EF8002000F06FF9681C2B
:10DAD00045B2B5F1FF3FF7DCE0B201340328E7D3EC
:10DAE000B02000F07FF8102000F07CF80020BDE8A6
:10DAF000704000F077B870BD2DE9F04101EBD0180F
:10DB00001E4643B2A8F15000C0B2A2F1200723EA9A
:10DB1000E37500F067F8102040EA1514204600F085
:10DB200061F805F00F05284600F05CF8102EF8B2F9
:10DB300023D146F20071C0F6010101EB00164FF04F
:10DB4000FF3700BFF019407800F030F90137072F98
:10DB5000F8D1A8F14F00C0B200F044F8E0B200F0F4
:10DB600041F8284600F03EF8F41D082514F8010F8E
:10DB700000F01CF9013DF9D111E046F2D84100EB6B
:10DB80004000C0F6010101EB40044FF0FF3500BF3B
:10DB90006019407800F00AF90135052DF8D1BDE88B
:10DBA000F08100002DE9F04115461278002A08BFE7
:10DBB000BDE8F08198460E4607460024F8B2F1B25F
:10DBC000D2B24346FFF798FF0837F8B201347828FD
:10DBD000E0B288BF02362A5C88BF0027002AEDD158
:10DBE000BDE8F0812DE9F04140F21D08C2F20008C5
:10DBF00098F80010002900F0CD8045F2004440F66E
:10DC00002021C4F20004C2F2000100220A70487010
:10DC1000204640F2016103F071F8002818BFFFF7B9
:10DC20009FFE204640F2016103F068F880B14DF696
:10DC3000F005CFF6FF752F46013749D2012004F0D9
:10DC400075F9204640F2016103F058F80028F3D13D
:10DC500047F65F162046CFF6FE7603F06DF83546A0
:10DC6000013580F0928020464FF4A06103F046F821
:10DC70000128F5D1002D00F08880204678216FF032
:10DC8000010203F043F83546013512D2204640F236
:10DC9000015103F033F8012829D0204640F20A51FF
:10DCA00003F02CF80128EFD1204640F20A5103F08E
:10DCB00011F8204603F046F84DF6F000CFF6FF705D
:10DCC000013800BF013060D221688905FAD45CE0D8
:10DCD000FFF746FE204640F2016103F00FF80028EE
:10DCE000B6D0013556D2012004F020F9F2E72046E3
:10DCF00040F2015102F0EEFF354600BF013544D23B
:10DD0000204640F2075102F0F9FF0128F6D1E5B3B1
:10DD100004F5033540F62023C2F20003284606210D
:10DD2000002201F051FF28460621022202F0A8F845
:10DD300020464FF4006102F0C1FF2846062101F0A1
:10DD4000B5FE3746013727D228460621202201F0AA
:10DD50001BFF0128F6D1FFB128460621202201F041
:10DD6000F7FE2846062101F097FE2046002102F02A
:10DD7000A5FF204602F0E6FF013606D220688005A6
:10DD8000FAD4002E18BFBDE8F081FFF7E9FD0020AE
:10DD900088F80000BDE8F0812846062101F07CFEED
:10DDA0002046002102F08AFFEFE700002DE9F04154
:10DDB00040F21D08C2F2000898F80010002900F097
:10DDC000CD8045F2004440F21B01C4F20004C2F2CF
:10DDD000000140220A704870204640F2016102F0C2
:10DDE0008DFF002818BFFFF7BBFD204640F2016100
:10DDF00002F084FF80B14DF6F005CFF6FF752F4697
:10DE0000013749D2012004F091F8204640F2016127
:10DE100002F074FF0028F3D147F65F162046CFF6D4
:10DE2000FE7602F089FF3546013580F0928020466B
:10DE30004FF4A06102F062FF0128F5D1002D00F03F
:10DE40008880204678216FF0010202F05FFF35469E
:10DE5000013512D2204640F2015102F04FFF012855
:10DE600029D0204640F20A5102F048FF0128EFD1A4
:10DE7000204640F20A5102F02DFF204602F062FFD8
:10DE80004DF6F000CFF6FF70013800BF013060D2D0
:10DE900021688905FAD45CE0FFF762FD204640F274
:10DEA000016102F02BFF0028B6D0013556D20120C7
:10DEB00004F03CF8F2E7204640F2015102F00AFF7C
:10DEC000354600BF013544D2204640F2075102F0EA
:10DED00015FF0128F6D1E5B304F5033540F21B0325
:10DEE000C2F2000328460621002201F06DFE2846FA
:10DEF0000621022201F0C4FF20464FF4006102F027
:10DF0000DDFE2846062101F0D1FD3746013727D234
:10DF100028460621202201F037FE0128F6D1FFB164
:10DF200028460621202201F013FE2846062101F092
:10DF3000B3FD2046002102F0C1FE204602F002FFA0
:10DF4000013606D220688005FAD4002E18BFBDE83D
:10DF5000F081FFF705FD002088F80000BDE8F081A2
:10DF60002846062101F098FD2046002102F0A6FE79
:10DF7000EFE70000FEE7000005F060BEFEE70000EE
:10DF800001F0FCB982B04EF68851CEF200010A6869
:10DF900043F6080042F47002C4F202000A6050F82E
:10DFA000081C41F0010140F8081C00BF50F8081C93
:10DFB0008907FBD5016801F00C01082966D1002111
:10DFC0000191019A4F2A05D8019A01320192019AD2
:10DFD000502AF9D302680092009A22F0F0020092CF
:10DFE000009A42F080020092009A02600191019929
:10DFF0004F2905D801990131019101995029F9D38F
:10E0000001680091009921F0F0010091009941F020
:10E01000900100910099016000210191019A4F2A1D
:10E0200006D800BF019A01320192019A502AF9D311
:10E0300002680092009A22F0F0020092009A42F0E8
:10E04000A0020092009A0260019101994F2905D81F
:10E0500001990131019101995029F9D30168009189
:10E06000009921F0F0010091009941F0B001009178
:10E07000009901600021019101994F2906D800BF44
:10E0800001990131019101995029F9D301684FF0AB
:10E09000000C21F003010160CDF804C0019A1209BF
:10E0A0007C2A06D8019A01320192019AB2F5FA6FE0
:10E0B000F8D350F8082C4FF6FF73CFF6F6631A40EA
:10E0C00040F8082C50F8082C22F4802240F8082C44
:10E0D000C0F800C0026843F21002C2F2004240F8E9
:10E0E000042CC0F804C050F8082C42F4803240F8E8
:10E0F000082C4FF6FE7200BF50F8081C013A4CF194
:10E100000003890302D4002BF6D100BF50F8081C8D
:10E110008903FBD5826B47F2000142F08052C4F2C2
:10E12000000182630A6842F440420A6002680260A9
:10E13000026842F400420260026842F4A0520260A7
:10E1400047F61902C0F6402240F8042C50F8082C7B
:10E1500042F0807240F8082C50F8082C9201FBD550
:10E160000A6842F480320A604A68D203FCD50A6821
:10E1700042F400320A6000BF4A689203FCD501688D
:10E180000191019921F003010191019941F00201EE
:10E1900001910199016000BF01680907FCD54FF0AA
:10E1A00000604FF4504102B002F0FABF70B546F281
:10E1B0000044C4F20204A4F5AA3540F20431C0F2CE
:10E1C0000401284607F096F8002808BF70BD2846CD
:10E1D00007F000F82046052101F058FEB0F5007F59
:10E1E0001CD0C0F50075B5F5007F17D840F2341685
:10E1F000C2F20006307888B940F2383040F235116A
:10E20000C2F20000C2F200012A46FFF730F840F2E5
:10E210003850C2F2000005800120307040F2351005
:10E22000C2F200004FF40071FFF73AF820460521D2
:10E2300001F032FC20460521202201F089FC204615
:10E2400005214FF4007201F01BFE20460521BDE8B8
:10E25000704001F02BBC000010B544F60004C4F27D
:10E26000000440F20431C0F20401204607F042F8F5
:10E27000002808BF10BD2046BDE8104006F0AABF28
:10E28000FEE700004EF60C50BFF34F8FCEF20000B9
:10E290000168042201F4E061C0F2FA521143016006
:10E2A000BFF34F8F00BFFDE74EF60C50BFF34F8F0B
:10E2B000CEF200000168042201F4E061C0F2FA52DB
:10E2C00011430160BFF34F8F00BFFDE7B0B540F2CF
:10E2D0008005EFF3108472B6C2F2000501202876A3
:10E2E00003F094FE03F070FE84F3108806F0BAFE8B
:10E2F0000020C5E90000C5E90200BDE8B04000F01B
:10E3000001B8000070470000816841F00801816099
:10E3100081680907FCD4816841F00401816000BF75
:10E3200081684907FCD4704780B502290AD00129C9
:10E330001CD1511E102919D24FF4700E6FF4700CBD
:10E340002C2308E0511E032988BF80BD4FF4401ED6
:10E350006FF4401C3823195801EA0C0119500EEBD8
:10E3600002511A5801EA0E011143195080BD0000F4
:10E3700042F20431C4F201010A6822F4E0220A6088
:10E380000A681043086070478268002922F400621E
:10E3900018BF02F50062826070470000816841F496
:10E3A0008071816070470000816841F40071816074
:10E3B000704700008168C90718BF7047816841F045
:10E3C0000101816070470000012907D0022918BFB0
:10E3D00070474FF0140C6FF4401303E04FF01C0C27
:10E3E0006FF04053816802FA0CF219408160816835
:10E3F0001143816070470000012905D0022918BF30
:10E4000070476FF4702101E06FF07061836819400C
:10E4100081608168114381607047000010B5052953
:10E4200004D800F1340C01EB810E10E00B2906D862
:10E4300001EB810100F1300CA1F11E0E07E00F2964
:10E4400010D801EB810100F12C0CA1F13C0EDCF89D
:10E4500000101F2404FA0EF4A14302FA0EF4214323
:10E46000CCF80010092A03D8103002EB420106E074
:10E47000122A88BF10BD02EB42010C301E3902681F
:10E4800007248C40A24303FA01F11143016010BD3F
:10E49000012905D0022918BF70474FF4800101E01F
:10E4A0004FF08041826811438160704732B1CA05E4
:10E4B00018D44A051CD4890720D47047CA0503D54F
:10E4C000426822F4807242604A0503D5426822F411
:10E4D00080624260890758BF7047816821F002015D
:10E4E00081607047426842F4807242604A05E2D51A
:10E4F000426842F4806242608907DED5816841F05B
:10E50000020181607047000042F20431C4F201014F
:10E510000A6822F01F020A600A6810430860704708
:10E5200040F2A400C2F20000038840F2321C47F21D
:10E530000040C2F2000CC4F2000000210022ACF83E
:10E54000003000F0C3BE000070B58AB040F6024053
:10E5500004F002F841F2081003F0FEFF40F6164006
:10E5600003F0FAFF4FF44030FFF702FF42F20004DD
:10E57000C4F2010404F568400321002205230026AB
:10E5800002F0B8FA04F5A2352846042101F0B8FAE1
:10E5900004F14C0001900120029040F2A400C2F26C
:10E5A0000000CDE903064FF40060059002200890BA
:10E5B0004FF40030099001AA28460421079601F083
:10E5C000B3FB28460421002201F07AFA28460421F0
:10E5D00001F08CFA2846042101F068FA0020FFF7C8
:10E5E00093FF204602210122FFF760FF20464FF4EF
:10E5F00080710122FFF75AFF20460021FFF7C4FE79
:10E60000204601210222FFF78FFE204600210A2228
:10E610000123FFF703FF204601210C220123FFF70E
:10E62000FDFE204601210022FFF7E6FE20460121E3
:10E630000022FFF7C9FE2046FFF7B6FE2046FFF78F
:10E64000ADFE2046FFF7B6FE012000F08DFE20460D
:10E65000FFF75AFE20460121FFF71AFF0AB070BDEE
:10E6600010B540F6014003F077FF40F6044003F098
:10E6700073FF4FF4406003F06FFF0024C4F2020404
:10E6800004F580500021012248F6D00302F032FA4E
:10E6900004F5806000210122012302F02BFA2046BC
:10E6A000002101220123BDE8104002F023BA00003E
:10E6B00010B54FF4406003F04FFF41F21D0003F02E
:10E6C0004BFF47F20044C4F2000404F5C6300321B6
:10E6D0000022102302F00EFA204600F007FE20462A
:10E6E000002100F021FE20460021002200F02AFE39
:10E6F0002046002100F00CFE40F23210C2F2000071
:10E700000388204600210022BDE8104000F0DEBD55
:10E7100070B588B040F6014003F01EFF4FF4406032
:10E7200003F01AFF41F20C1003F016FF40F61540FB
:10E7300003F012FF40F20044C4F202042046052117
:10E74000382202F095F920460221002238230026C3
:10E7500002F0D0F9204600210222382302F0F4F919
:10E76000A4F580652846012100224FF4004302F001
:10E77000C1F92846002102224FF4004302F0E4F9D7
:10E780004FF482700190032006904FF400700490C3
:10E7900010200790A4F5544001A90296039605960F
:10E7A00006F00AFA06F060F808B070BD70B588B0DF
:10E7B00040F6044003F0D0FE40F6044003F0CCFEE7
:10E7C00041F20D1003F0C8FE40F6164003F0C4FEFF
:10E7D00041F20004C4F20204204605214FF4E04255
:10E7E00002F046F92046022100224FF4E0430025C2
:10E7F00002F080F92046002102224FF4E04302F0AB
:10E80000A3F92046012100224FF48063012602F083
:10E8100071F92046002102224FF4806302F094F93E
:10E8200020464FF4806102F05DF94FF48270019050
:10E830004FF40070049010200790A4F55C4001A9EB
:10E84000029503950696059506F0B6F9FFF724F8AC
:10E8500008B070BDB0B540F6034003F07DFE40F651
:10E860002845C4F20205A5F1280420460121012211
:10E870004FF47C4302F03EF92046002102224FF47F
:10E880007C4302F061F94FF4806028604FF400602F
:10E8900028604FF4805028604FF4005028604FF4F7
:10E8A000804028604FF400402860B0BD2DE9F0435F
:10E8B00089B040F6014003F04FFE41F2150003F02D
:10E8C0004BFE40F6154003F047FE40F20044C4F210
:10E8D0000204204604214FF4007202F0C9F82046D9
:10E8E00004214FF4807202F0C3F820460221012275
:10E8F0004FF400734FF002084FF0010902F0FAF8EC
:10E900002046012102224FF4007302F01DF9204637
:10E91000022101224FF4807302F0ECF8204601211D
:10E9200002224FF4807302F00FF9A4F5D83541F6B6
:10E930008021C0F2060128460022002702F02EF9AD
:10E94000284600210022722302F0E8F9284602F04E
:10E95000BBF928464FF4806102F01AF904F5B84576
:10E960002846062101F0CCF86E46304601F020FA28
:10E970004020069040F21B00C2F20000CDE90207E1
:10E98000A4F5D030A0F57F60CDE900094FF4403008
:10E9900008902846062132460497CDF81C8001F0E5
:10E9A000C3F92846062101F097F8284606210122DE
:10E9B00001F086F809B0BDE8F0830000B0B541F27F
:10E9C0001C0003F0C9FD03F05BFB4FF4E05003F0C3
:10E9D000D1FC4FF4E05003F0DDFC4FF4807003F005
:10E9E000EBFD40F62824C2F20004FF2040F6242567
:10E9F0002060C2F200057F20286041F60F4003F03E
:10EA0000ABFD03F06FFF43F67000C4F20200006834
:10EA100040F2A001C0F30120C2F2000108602968A1
:10EA200040F63020C2F20000018121684181252199
:10EA300001700621C17043F20401A0F80110002109
:10EA4000C0E9031145F6231181805021817103F043
:10EA5000C3FE30B142F65000C4F2000043F2F02190
:10EA6000016003F01FFC0020B0BD0000B0B58AB00B
:10EA700040F6164003F070FD41F20004C4F20104B8
:10EA800004F5AA352846052101F03AF840F235117F
:10EA90000020C2F20001CDE903104FF4007108918B
:10EAA000211D07900191012105904FF44030029102
:10EAB000099001AA2846052101F036F928460521CA
:10EAC00001F00AF828460521042200F0F9FF284643
:10EAD000052100F0EBFF4FF4406003F03DFD41F2F3
:10EAE000041003F039FD04F57045284607214FF462
:10EAF000007201F0BDFF284607214FF4806201F04B
:10EB0000B7FF2846022101224FF4007301F0F2FF03
:10EB10002846002102224FF4007302F015F828461F
:10EB2000022101224FF4806301F0E4FF2846002116
:10EB300002224FF4806302F007F8204606F052FBF1
:10EB400020464FF4E13106F0E5FA2046042106F0B4
:10EB5000E3FB2046082106F0E5FB2046402106F0B5
:10EB6000A5FB204606F0ACFB25200021002202F088
:10EB7000CDFA20464FF4417106F0B0FB0AB0B0BDAB
:10EB8000B0B58AB040F6154003F0E6FC40F603400D
:10EB900003F0E2FC41F2110003F0DEFC44F2004419
:10EBA000C4F2000404F507352846052100F0A8FF4B
:10EBB00047F20A710020C2F20001CDE903104FF4C0
:10EBC00080710891211D07900191012105904FF45A
:10EBD00040300291099001AA2846052101F0A4F8CD
:10EBE0002846052100F078FF28460521042200F080
:10EBF00067FF2846052100F059FF04F5E435284653
:10EC00000721602201F034FF2846022101226023FF
:10EC100001F070FF284600210222602301F094FFDA
:10EC2000204606F0DFFA20464FF4E13106F072FA92
:10EC30002046042106F070FB2046082106F072FBF6
:10EC40002046402106F032FB204606F039FB0AB090
:10EC5000B0BD000070B58AB040F6154003F07CFCF2
:10EC600040F6034003F078FC41F2120003F074FC1C
:10EC700044F60004C4F2000404F5063528460121D8
:10EC8000012600F03DFF40F644210020C2F20001C1
:10EC9000CDE903104FF4006107900891211D059004
:10ECA0004FF44030CDE90116099001AA2846012110
:10ECB00001F03AF82846012100F018FF284601210A
:10ECC000042200F0FDFE2846012100F0EFFE04F5CD
:10ECD000E235284607214FF4407201F0C9FE28466C
:10ECE000022101224FF4407301F004FF2846002165
:10ECF00002224FF4407301F027FF204606F072FA1B
:10ED000020464FF4E13106F005FA2046042106F0D2
:10ED100003FB2046082106F005FB2046402106F0B3
:10ED2000C5FA204606F0CCFA27200021002202F086
:10ED3000EDF920464FF4417106F0D0FA0AB070BDEB
:10ED400080B5FFF793FEFFF71BFFBDE88040FFF79C
:10ED500081BF000070B596B041F2000404A8C4F26F
:10ED6000010404F04DFA1D280BD15BA1204602F0EE
:10ED700097F99DF84800072806D85EA151F82010A1
:10ED800006E0024646A186E047F26E21C0F6010188
:10ED9000204602F085F90C984FF4806101EB802544
:10EDA00004F0F6F9064604F0F3F900EE100A9FEDC0
:10EDB000591AB8EE400A20EE010A20EE010A10EEC0
:10EDC000100AFEF7A1FA41EC100B47F21331C0F61E
:10EDD0000101204632468DED000B02F061F947F249
:10EDE000DF21C0F6010120464FF4007202F058F90D
:10EDF00047F2F921C0F6010120462A4602F050F9F7
:10EE00009DF8102047F21111C0F60101204602F0D2
:10EE100047F9BDF8122047F2F601C0F6010120467D
:10EE200002F03EF9059847F29E21000E8DF80A0087
:10EE30000598C0F60101000C8DF80B0005980DF146
:10EE40000A02000A8DF80C0005988DF80D009DF857
:10EE500018008DF80E0000208DF80F00204602F0FB
:10EE60001FF99DF819009DF81910020901F00F0310
:10EE700047F24911C0F60101204602F011F9079A44
:10EE800047F22911C0F60101204602F009F99DF868
:10EE9000240021A1421C204602F002F916B070BDE8
:10EEA0000D0A4661696C656420746F206765742083
:10EEB0005344206361726420696E666F726D617481
:10EEC000696F6E2C206572726F7220636F64653A91
:10EED0002025640D0A0000000D0A2A2A2A20534426
:10EEE000204361726420496E666F202A2A2A0D0A27
:10EEF00000000000CA7001089E700108DB71010863
:10EF00006E7201086E720108FE71010843720108F9
:10EF10001B7201080000803A435344205665727307
:10EF2000696F6E3A2025642E300D0A0010B5044634
:10EF300040780A4604F13001012300F069FD002801
:10EF40001CBF032010BDB4F82E024AF6552188429A
:10EF50001CBF022010BD94F8672094F8683094F824
:10EF60006610120244F2461042EA0342C0F2540014
:10EF70001144814204BF002010BD94F8832094F80E
:10EF8000843094F88210120242EA03421144081AB3
:10EF900018BF012010BD00002DE9F04381B00768C3
:10EFA0003B78303B092B0AD87E783A2E06BF0237D1
:10EFB0000760002333B10B2001B0BDE8F0830023CC
:10EFC000002BF8D140F27800C2F2000004680C6017
:10EFD0003CB32078154670B1607800F039FDC10768
:10EFE00009D1410728460A22002D18BF02EAE17024
:10EFF00001B0BDE8F0830020208000F0D9FCC107FB
:10F0000013D1002D18BF10F0040012D1607804F164
:10F01000300529460022012300F0FAFC68B10320E4
:10F0200032E00C2001B0BDE8F083032001B0BDE860
:10F03000F0830A2001B0BDE8F083B4F82E024AF64E
:10F040005521884211D194F8672094F8683094F8DB
:10F050006610120244F2461042EA0342C0F2540023
:10F060001144814203D100200EE002200CE094F80C
:10F07000832094F8843094F88210120242EA03420A
:10F080001144081A18BF0120012809D194F8F2117F
:10F0900031B1D4F8F66120463146FFF747FF00E072
:10F0A000002628B1032828D1012001B0BDE8F08353
:10F0B000B4F83B00B0F5007F1FD1B4F8460000283B
:10F0C00008BF606D94F84030E061D91E11F1020F65
:10F0D000E37012D394F83D104A1E81EA0207FFB292
:10F0E000D2B29742A17008D994F8417094F84220A6
:10F0F00047EA02223F07228103D00D2001B0BDE87C
:10F10000F083B4F84370002F08BF276DB4F83E9029
:10F11000B9F1000FF1D000FB03FE0EEB12134B44CC
:10F120009F42EAD3FF1A8F42E7D3B7FBF1F140F6D3
:10F13000F5774FF00108B9424FF6F67788BF4FF0E8
:10F140000208B942334428BF4FF0030801F1020C12
:10F15000A36206EB0903B942C4F818C0236212D2B5
:10F16000002ACAD003EB0E02A1F6F6731B0B0E2B7E
:10F17000626291BF4FEA4C020CEB4C0201F00103BA
:10F1800003EB520205E0002AB7D1E26D62624FEA5A
:10F190008C0202F2FF12B0EB522FAED34FF6F67094
:10F1A0004FF0FF32002381424FF00000C4E90332E8
:10F1B00025D3B4F86010607160788A19294601235C
:10F1C000626100F025FCD0B9B4F82E024AF6552150
:10F1D000884214D1206B45F25221C4F26111884259
:10F1E0000DD1D4F8140247F27221C6F241118842BF
:10F1F00005D1D4F81802D4F81C12C4E9031040F267
:10F200007C00C2F20000018884F800800131018096
:10F210000020E180E062207101B0BDE8F0830000D1
:10F22000F0B581B00D46044641B12046294601F0B3
:10F2300069FB022809D2012001B0F0BDE76857B18F
:10F24000A069874228BF012706E0A1692F468842AE
:10F2500002D201B0F0BD01273E4600BFA0690136D1
:10F26000864228BF022601D3022F0AD32046314608
:10F2700001F048FB411CECD030B10128E9D0BE427E
:10F28000ECD1002001B0F0BD204631466FF0704255
:10F2900002F000FF014635B129B920462946324621
:10F2A00002F0F8FE014631B10120012908BF4FF0FC
:10F2B000FF3001B0F0BD2069E660411C03D0013889
:10F2C000206101206071304601B0F0BD012904D0F9
:10F2D00051B9032A08D2082103E0022A88BF7047E7
:10F2E000142101EB82010B507047000047F20041EE
:10F2F000C4F20001884218BF704780B540F61D0077
:10F3000003F04AF940F61D00BDE8804003F034B92F
:10F3100029B1012918BF70474FF4803100E0012165
:10F32000026811430160704729B1012918BF704775
:10F330006FF4802101E06FF0040102681140016068
:10F3400070470000012906D0002918BF70470168E6
:10F3500021F0C00103E00168120421F440010160C2
:10F36000016811430160704740F23C51C2F2000154
:10F37000086000BF08680028FCD1704740F23C508C
:10F38000C2F200000168002908BF70470168013916
:10F39000016070472DE9F04F81B00021044600F074
:10F3A000B1FA10B101B0BDE8F08FFF274FF6FF753D
:10F3B0004FF00D094FF0FF0B2068216901F032FE7C
:10F3C0000028EFD166693178E52909D0002900F0DD
:10F3D0008E80F27A130702F03F0209D50F2A07D078
:10F3E000FF272046002100F087F80028E4D0D9E765
:10F3F0000F2A1ED1D4F81C80B8F1000FF1D04806B6
:10F4000006D596F80DB0E08801F0BF010F462084C4
:10F41000F8B28142E4D1707B8345E1D13078012597
:10F4200000F0BF0000FB09F0A0F10D094FF0000A49
:10F430002EE039060FD100224FF0FF317318D2B2FF
:10F4400057085B7847EAC21201310A291A44F5D1FC
:10F45000D1B28B45A6D0A1692584CA7AD207BFD183
:10F46000002300BF0B2B9DD01A46F35C8F5CBB4280
:10F4700002F10103F6D00B2AB2D193E74FF6FF75E4
:10F48000A84232D100250AF1010ABAF10D0F18D0B5
:10F4900046F6F040C0F6010010F80A00002D305A80
:10F4A00080B2EBD001F09AF8B9F1FE0F10D8054602
:10F4B00038F8190001F092F8854209D109F10109E3
:10F4C000E1E73078400605D525B138F8190008B1D4
:10F4D000012000E000204FF6FF75013F4FF00D09BD
:10F4E000002818BF4FF0FF377BE70120F5E7042025
:10F4F00001B0BDE8F08F00002DE9F047C288541C30
:10F50000A7B2A74228D1036933B314F00F0509D07D
:10F510000168002701EB45113031C4804161F8B228
:10F52000BDE8F087C268013303618AB103689E7841
:10F53000013E16EA171FEBD10E46824618461146C9
:10F5400001F0E0F902280BD20227F8B2BDE8F087FB
:10F55000016809898F42DBD30427F8B2BDE8F08740
:10F560000146013015D0DAF80020504693699942DF
:10F5700067D396B1C1681046FFF752FE01460130CD
:10F5800014D071B10129504615D14FF0000902275E
:10F5900053E00127F8B2BDE8F0874FF000090427D7
:10F5A0004BE04FF000090727504646E04FF00009B6
:10F5B0000127504641E00068884600214FF00009CD
:10F5C00001F030FD10B10127504635E0DAF80000B7
:10F5D0004FF4007130305646FDF762FEDAF8002035
:10F5E00041469369A8F10201023B5046994204D278
:10F5F0009378976A01FB037300E0002301680026FB
:10F600008F78D3629FB101274FF000090F71084630
:10F61000002101F007FD0028D6D1DAF800100136EC
:10F62000CA6A8B78504601329E42CA62EED3CA6AD9
:10F630004FF00109921BCA624146B9F1000F3FF435
:10F640006EAF02688B1E9769C160023FBB4204D255
:10F650009178926A03FB012100E00021016157E7E4
:10F660002DE9F04F87B0D0E9066A83463068F37A17
:10F670007168D6F807200290D8070391CDF80F20C3
:10F6800003D1980766D4012574E00020AAF102098D
:10F69000012705AD0193F072CBF81C00DDF80F10C7
:10F6A0000298039A1FFA87F8C6F80710B8F1060FF8
:10F6B0003946726030600BD34846394630F8023F15
:10F6C0008AB2C903448841EA5201002C1944F5D199
:10F6D000072006231A4601F00F0303F13004392CEA
:10F6E000C1F30B1188BF03F137042C5401380029F2
:10F6F000A2F10103EED17E2129544FF0000138B16F
:10F70000735C202B04D0013A01F10101F8D10146CC
:10F7100007289ABF2A5C013020227254013108293F
:10F72000F6D35846FFF736FE28B9B8F1630F07F154
:10F730000107B3D36427B9B2642903D1072007B006
:10F74000BDE8F08F04281AD1019BF372CBF81CA0FE
:10F75000980798D5002000BF81B23AF811200130F7
:10F76000002AF9D101F1190043F61431C1F2B13187
:10F77000A0FB01055846002100F0C4F810B107B005
:10F78000BDE8F08F002600270EE000BF390407F126
:10F790000107B9B208BFBBF80660A94214D05846A9
:10F7A0000121FFF7A9FE78B9DBF80000DBF81010A3
:10F7B00001F038FC40B9DBF814100978E529E5D0F0
:10F7C0000029E3D00027EAE730B9022D04D3B1B213
:10F7D000584600F097F868B30028D0D1DBF8000055
:10F7E000DBF8101001F01EFC0028C8D1DBF8141063
:10F7F0000022CA618A614A610A61CA608A604A60FD
:10F800000A60DBF818204FF0FF33013ACF1812F8E6
:10F81000016F01330A2B7E70F8D1DBF81820D27A01
:10F8200002F018020A73DBF8001001220A7107B017
:10F83000BDE8F08FDBF818004FF0000A4FF0FF3101
:10F8400042185FFA8AF35F08527847EAC31301311E
:10F850000A2903EB020AF3D146F6F0494FF6FF7787
:10F86000A5F10108C0F60109DBF80000DBF8101073
:10F8700001F0D8FB0028AFD1DBF814000F22DBF831
:10F880001C10A0F80B205FFA88F20D2672430023AB
:10F890000D3A002580F80DA0438300BFBD421CBF78
:10F8A00031F81250013219F80340002D03F1010321
:10F8B00000EB040605554FEA152408BF3D460D2B05
:10F8C0007470EBD1BD4203D148F0400107E000BFA6
:10F8D00031F812100029414608BF48F0400101707C
:10F8E000DBF800000121017158460021FFF704FEFA
:10F8F00000287FF471AFA8F101085FEA0841B3D195
:10F900006AE700008268C180012A04BF02207047B4
:10F9100070B5044600680D4681698A4236D28AB1C4
:10F92000BAB18078B5EB001F1CD228462168931E1F
:10F930008E69E260023EB3422AD28A78896A03FB6A
:10F94000021126E0017803290CBF426A0022002A36
:10F95000E7D101890022A942E26017D9406A00EB91
:10F96000151018E0060100BF2068114600F0CAFF1C
:10F970000246013019D0022A08D3206880698242E9
:10F9800004D2AD1BA8B2B042EED2CFE7022070BDC8
:10F99000002101EB1010216805F00F0201EB42116C
:10F9A0003031C4E90401002070BD012070BD0000A9
:10F9B00080B594B00021019128BB04F0DBF81D282C
:10F9C00021D102A803F01CFC1D281CD1BDF84C005D
:10F9D00003F048FE01A803F001FF9DF80710890716
:10F9E00010D41D280FD14FF4006003F0A1FA1D2898
:10F9F00009D1002004F0A2FD1D3818BF012014B069
:10FA000080BD00BFFEE7012014B080BD002070471C
:10FA1000844600294FF0040018BF002B00D1704726
:10FA2000BCF1000F01D01C200EE080B55202084648
:10FA300011464FF40072012B02D102F0C9FF01E020
:10FA400004F098F9BDE880401D3818BF01207047C8
:10FA5000002818BF01207047844600294FF0040099
:10FA600018BF002B00D17047BCF1000F01D01C2043
:10FA70000EE080B55202084611464FF40072012B89
:10FA800002D103F0B1F801E004F0C6FABDE880400D
:10FA90001D3818BF0120704701EB410100EBC10088
:10FAA000016921F0010101617047000001EB410192
:10FAB00000EBC100016941F00101016170470000E4
:10FAC00001EB410100EBC100016921F0606141EAF5
:10FAD000426101617047000001EB410100EBC10090
:10FAE000016921F4807101617047000001EB41015F
:10FAF00000EBC100016941F48071016170470000B1
:10FB000001EB410200EBC20213694FF03D0C23F000
:10FB1000010313610023136153619361D361136285
:10FB2000212353620A1F28BFD1B201EB410301F028
:10FB300002014FF00C024FEA410138BF082201EBED
:10FB4000430113580CFA01F119431150704700009A
:10FB50000B1F38BF0B46D9B24FEA410151FA83F16E
:10FB600003F002034FF00C0C4FEA430338BF4FF091
:10FB7000080C03EB41015CF8003002FA01F1194373
:10FB80004CF80010704700000B1F34BF0B460430C8
:10FB9000D9B2490051FA83F103F002035B00006817
:10FBA00003EB410102FA01F1084018BF0120704740
:10FBB00001EB410100EBC1000169002A21F02001A5
:10FBC00018BF20310161704701EB410C2021002A50
:10FBD00008BF1C21084440F83C30704770B501EB69
:10FBE000410100EBC100136A416A194341F004016D
:10FBF0004162116848F23F738161D168CFF61C639E
:10FC0000C161D16A41610169146919405368D2F830
:10FC100030E01943D2F828C02143D2E9065641EA20
:10FC20000E0141EA0C0129433143016193680169E6
:10FC3000012B06D0002B14BF41F4004141F40071A8
:10FC400001E021F40071016151690369002923F485
:10FC5000806308BF03F580630361516A026900296C
:10FC600022F4807208BF02F58072026170BD00004C
:10FC700070B58EB046F20044C4F202040546204638
:10FC8000062101220126FFF763FF204606210422F8
:10FC9000FFF75EFF204606210822FFF759FF2046A6
:10FCA00006211022FFF754FF204606212022FFF7ED
:10FCB0004FFF20460621FFF7EFFE20460621FFF703
:10FCC0001FFF42F68040C4F2010001900020CDE900
:10FCD0000B0006904FF4805002904FF48040059046
:10FCE0004FF440300D904FF4001008904FF4000096
:10FCF00007900320CDE9090601AA204606210495B4
:10FD00000396FFF76BFF204606210122FFF750FF05
:10FD1000204606210422FFF7D3FE20460621FFF7E6
:10FD2000C5FE0EB070BD000080B501EB410100EBD7
:10FD3000C100416A48F23F7321F004014162116839
:10FD4000CFF6FC7381619168C161D169416101693C
:10FD5000D2F818E001EA030C116A136941EA0C01B8
:10FD600041EA830141EA0E011943016153680169C7
:10FD7000012B06D0002B14BF41F4004141F4007167
:10FD800001E021F400710161D1680369002923F4C5
:10FD9000806308BF03F5806303615169026900292C
:10FDA00022F4807208BF02F58072026180BD0000FB
:10FDB00000210122C0E90012C0E90212C0E90412C8
:10FDC000C0E906110162704770B58EB046F200447A
:10FDD000C4F2020405462046062101220126FFF74F
:10FDE000B7FE204606210422FFF7B2FE2046062178
:10FDF0000822FFF7ADFE204606211022FFF7A8FEDD
:10FE0000204606212022FFF7A3FE20460621FFF709
:10FE100043FE20460621FFF773FE42F68040C4F2FF
:10FE20000100019040200B9000200C9006904FF4B0
:10FE3000805002904FF4804005904FF440300D9078
:10FE40004FF4001008904FF4000007900320099031
:10FE500001AA20460621049503960A96FFF7BEFEE6
:10FE6000204606210122FFF7A3FE20460621042298
:10FE7000FFF726FE20460621FFF718FE0EB070BDE4
:10FE800001EB410100EBC1004261704701EB410110
:10FE900000EBC1004069704743F61441C4F2010110
:10FEA0000860704743F61441C4F201010968084034
:10FEB00018BF01207047000010B5044600F0D8F9C3
:10FEC000002804BF0021216010BD000000281CBFD5
:10FED0000B20704740F27800C2F200000268002A4E
:10FEE0001CBF0023137000291CBF00220A70016090
:10FEF000002070472DE9F04FADF50F7D81460020C1
:10FF000016468E91C9F8000002F01F0A02F01E0288
:10FF10008EA885A9FFF740F882A98B9102A98C9140
:10FF200018B98E9985A800F06FFB8A9C0546002CB5
:10FF300008BF0625002818BF0546BAF1040F0FD2E6
:10FF4000002D76D1E07AC1061DD4C007284618BF1F
:10FF50000720BAF1020F28BF054628066BD17EE0C4
:10FF600055B1042D03D185A8FFF77AFB05468A9C7D
:10FF70004AF0080A85B15CE0E07A10F0110F06D073
:10FF800007254DB155E00425280654D167E07007D8
:10FF900048BF0825002D4CD11AF0080049D000F0C8
:10FFA00013FD217D627DA37E0904E77E41EA0261A3
:10FFB000C4F80E0000201944DDF814B2E072E061CC
:10FFC00051EA07286083A0824FF001008BF80400FB
:10FFD0002FD0DBF82C00B8F1010F019026D0DBF810
:10FFE0001800404522D90025464600BF58463146F4
:10FFF00000F088FC0746013023D0C7B1012F15D08F
:020000040801F1
:1000000058463146002202F045F8054678B9DBF83B
:1000100010003E4601303EBFCBF8100001208BF8A7
:100020000500DBF818008742E0D300E0022528062F
:100030000AD0280613D0E0B1E8B20DF50F7DBDE877
:10004000F08F01252806F4D1A8F101000199CBF821
:100050000C00584600F0E6FF05462806EBD18599CE
:100060000AF00802C96A4AEA820AC9E907140028A4
:10007000E2D189F806A0207D617DA27E0004E37EA6
:1000800040EA0160104440EA0320C9F81000E0692A
:100090008599C9F80C000020C9F80800C9F81800B3
:1000A000C888C9F80010A9F80400C5E72DE9F04F89
:1000B00081B0044600689B4616460F460021196031
:1000C000C8B10178B9B1A188C2888A4213D14078F9
:1000D000FFF7BEFC00F00100404200F0030068B9E9
:1000E00094F9060000280CD4C0B2C0070DD1072037
:1000F00001B0BDE8F08F09200028F1D001B0BDE8C3
:10010000F08F022001B0BDE8F08FD4E90201081A97
:10011000B04238BF0646002E00F09A8004F1240059
:1001200004F1230800900DE04FEA4A20A16807443B
:100130000144A160DBF80010361A0144CBF800102E
:1001400000F08680A168C80512D0A1687A1E6FF3FE
:100150005F21C1F50070B04228BF304641440346DC
:1001600011F8015F013B02F8015FF9D1DEE700BF42
:10017000206845468278013A02EA51225FFA82F805
:10018000B8F1000F0CD129B1616900F0BBFB022866
:1001900003D261E0206902285ED3411C60D0606117
:1001A0002068616982690239023A914204D28278F8
:1001B000836A01FB023100E0002100294CD05FEA94
:1001C000562A01EB080927D0827808EB0A0140780B
:1001D000914288BFA2EB080A5FFA8AF339464A4681
:1001E000FFF716FCA179C8BB4806A84640F2FF1CE1
:1001F0009AD5A069A0EB0900504595D207EB4020A5
:100200004FF0FF31424600BF431812F8015F013141
:1002100061455D70F8D187E7A269A8464A4514D0C8
:10022000A179490609D5407800990123FFF714FC0C
:10023000A17998B901F0BF00A071206800994078B9
:100240004A460123FFF7E4FB50B9C4F818907CE755
:10025000002001B0BDE8F08F022002E0012001E0A3
:100260000120A17941F08001A17101B0BDE8F08FBA
:10027000B0B50446006878B1017869B1A188C28838
:100280008A4209D14078FFF7E3FB00F001004042C9
:1002900000F00300E8B901E00920D0B9A1798A068D
:1002A00017D5480610D52068A269407804F12401CA
:1002B0000123FFF7D1FB01460120002918BFB0BD83
:1002C000A07900F0BF00A0712068E16900F0AAFEEB
:1002D00000B1B0BD256AE87A40F02000E872E0681D
:1002E0002877E068000A6877E089A877E07BE877FC
:1002F0002069A8762069000AE876608A2875E07C83
:10030000687500F061FBC5F81600A079012100F0C6
:10031000DF00A07120680171BDE8B04004F066BC48
:100320002DE9F04F83B004460068984616468B4688
:1003300000211960C8B10178B9B1A188C2888A4288
:1003400013D14078FFF784FB00F00100404200F039
:10035000030068B994F9060000280CD4C0B28007E5
:100360000DD4072003B0BDE8F08F09200028F1D09C
:1003700003B0BDE8F08F022003B0BDE8F08FE06865
:100380007142884280F0E88004F1240A04F12300DD
:1003900002900CE06802A16883440144A160D8F88F
:1003A0000010361A0144C8F8001000F0D580A0688B
:1003B000C10519D0A268ABF101016FF35F22C2F54C
:1003C0000070B04228BF3046029B1A44034600BF6B
:1003D00011F8015F013B02F8015FF9D1A17941F009
:1003E0004001A171D7E700BFD4F8009099F802103E
:1003F000013901EA5021CFB2002F52D120B16169F9
:100400004846FEF70DFF45E02069002842D1D9F8A3
:100410000C202AB1D9F81800824228BF012200E03E
:10042000012215460197D9F81800691C81420D4632
:1004300028BF0225012A01D881420CD2484629460C
:10044000174600F05FFA411C22D030B101281FD0BE
:100450003A46BD42E7D100201AE0484629466FF0EF
:10046000704201F017FE30B101284FF0010008BFC3
:100470004FF0FF300CE0D9F81000C9F80C50411CC7
:100480001FBF0138C9F81000012089F8050028466F
:10049000019F2061411C71D000285DD0012868D0E7
:1004A0006061A07940060CD52068A2694078514669
:1004B0000123FFF7D1FAA179002864D101F0BF0030
:1004C000A0712068616982690239023A914204D2BE
:1004D0008278836A01FB023100E00021002948D0C4
:1004E000750A01EB070926D0827879194078914284
:1004F00088BFD51BEBB259464A46FFF7ADFAE8BBB9
:10050000A069A0EB0900A842BFF444AF0BEB402068
:1005100001384FF0FF3140F2FF1700BF0AEB010234
:1005200010F8013F0131B9425370F7D1A07900F0C2
:10053000BF00A0712EE7A16949450AD0D4E9021293
:10054000914206D2407851464A460123FFF760FAAD
:10055000A0B9C4F818902DE7D4E90201884288BFF9
:10056000E060A07940F020010020A17103B0BDE857
:10057000F08FA07960F07F010220F6E7A07960F0AB
:100580007F010120F1E761F07F010120EDE700002C
:10059000802838BF704769B1FF2884BF00207047AA
:1005A00046F6FE41C0F6010101EB40006FF0FF018D
:1005B000405A704746F6FE420021C0F6010200BFD5
:1005C00032F81130834204D001318029F8D18020E3
:1005D00000E088B2C0B280F08000704747F2C46289
:1005E0000021C0F6010200BF32F81130834204D06E
:1005F0000131EF2908BF7047F6E747F2E440C0F643
:10060000010030F8110070472DE9F04F87B08B469C
:10061000097882465C2904D02F2908BF0BF1010B11
:1006200001E00BF1010B0024CAF808409BF8000020
:10063000202808D250460021FFF764F9CAF8144078
:1006400007B0BDE8F08F46F64B70C0F601000138E8
:10065000069046F65270C0F60100A0F10108CDF8F0
:10066000088000BF5E4600E0013630785C28FBD091
:100670002F28F9D0DAF81C70202805D24FF0040991
:100680000125002130E000BF002401250AE000BF61
:1006900027F8140030194078611CC2B201351F2AB6
:1006A0000C461ED9C0B22F284FF0000917D05C2885
:1006B00015D0FF2C00F0C4800121FFF769FF00284E
:1006C00000F0BE807F28E3D8414600BF11F8012F1B
:1006D000002A18BF9042F9D1002AD9D0B0E02146B3
:1006E00002E04FF0040900BF002906EB050B00F003
:1006F000A780484207EB410105E000BF0130A1F1AE
:10070000020180F09D8031F8022C2E2AF6D0202A9A
:10071000F4D04FF00008DAF81820CDF814B0A1F8A2
:1007200000804FF02031C0F1000BC2F8071051607B
:10073000116001E008F1010837F818002E28F9D0FF
:100740002028F7D0B81EB8F1000F18BF49F00309F0
:1007500030F81B102E2904D0BBF1010BF8D14FF05B
:10076000000BABF1010608254FF0010C002300241B
:100770000020019049F00302414601E00131914619
:1007800037F811002028F9D02E2803D18E42F5D158
:1007900002E000BF002874D0AC4201F101083BD256
:1007A0008E4239D0802814D30021CDE9035C1D4648
:1007B000FFF7EEFE38B146F6FE51C0F601010844DF
:1007C00010F8800C00E000202B46DDE9035C49F0C6
:1007D000020940B1069900BF11F8012F002A18BF85
:1007E0009042F9D13AB149F003095F20DAF81810C4
:1007F00008550134BEE7A0F1410189B2192902D898
:1008000043F00203F2E7A0F1610189B219299CBF0C
:1008100043F001032038E9E70198C00749F00300DD
:100820002ED18E4218BF8146D8452AD801209B0080
:100830000B254FF0000C01900824D8469AE700BF22
:1008400006200021002954D05046FEF7A3FDDAF817
:1008500018100028C97A43D149074AD4DAF814009D
:10086000C17AC90644D5017D427D837E0904C07EDC
:1008700041EA0261194441EA0020CAF80800F1E6A1
:100880008146DAF81800DDF808800178DDF814B048
:10089000E52904BF052101705FEACC7018BF9B00F9
:1008A00003F0030103F00C00032949F0020208BF22
:1008B00091460C2808BF91465FEA897207D4012946
:1008C00008BF49F01009042808BF49F00809DAF800
:1008D0001800012180F80B9000200029B4D108E015
:1008E000042806D1490758BF052007B0BDE8F08F9E
:1008F000052007B0BDE8F08F40F20030C0F20330B1
:1009000070470000F0B581B002292CD382698A4279
:1009100029D90278032A37D0022A27D0012A3BD1CD
:10092000026A01EB51070C4602EB5721054600F025
:1009300079FB88BB2846016A30357E1C6FF35F2740
:10094000EF5D01EB562100F06DFB28BB6FF35F26D6
:10095000A85DE20747EA002108466FF31F3018BF81
:10096000080901B0F0BD012001B0F0BD026A0C46DB
:1009700002EB1121054600F055FB68B9E0B205EB2A
:100980004000008E01B0F0BD026A0C4602EBD111AE
:10099000054600F047FB18B14FF0FF3001B0F0BD45
:1009A00004F07F0005EB800090F8323090F83010B2
:1009B00090F8312090F833001B0460F31B6343EA86
:1009C0000220084401B0F0BD002070472DE9F0413D
:1009D000EFF3108672B601F0FFFA40F28007C2F220
:1009E00000073A7E04460D4672B101F041FB48B360
:1009F00001F0F2FA04460D4601F000FB00196941CE
:100A0000441C41F100051DE0EFF3108872B601F0BF
:100A10002FFBA8B101F0D8FA01F0F0FAEFF3108241
:100A200072B6D7E90035C0186941013041F10001C3
:100A3000C7E9000182F3108801F0CEFA04460D46A2
:100A400088F31088D7E90001D7E90223001969412A
:100A5000821A71EB030205DAD7E9020186F31088E6
:100A6000BDE8F081C7E9020186F31088BDE8F08196
:100A7000F0B5D0F820E0D0F824C000230F270025DF
:100A800005E000BF0135082D03F104030CD022FA64
:100A900005F6F607F6D007FA03F62EEA060601FA7F
:100AA00003F446EA040EEDE7082300240F2504E0D2
:100AB0000133102B04F104040CD022FA03F6F607DC
:100AC000F6D005FA04F62CEA060701FA04F647EA1E
:100AD000060CEDE7C0F820E0C0F824C0F0BD00002F
:100AE00081627047816170470069084018BF01202A
:100AF000704700002DE9F041D0F800E0D0F80CC0BC
:100B000000244FF00308002605E000BF0136102E38
:100B100004F1020412D023FA06F7FF07F6D008FA10
:100B200004F72EEA070E01FA04F54EEA050E2CEA48
:100B3000070702FA04F547EA050CE7E7C0F800E00A
:100B4000C0F80CC0BDE8F0810129416814BF994389
:100B500019434160B0B5D0F808C000214FF0030E32
:100B6000002404E00134102C01F102010CD023FA1E
:100B700004F5ED07F6D00EFA01F52CEA050C02FAA1
:100B800001F54CEA050CEDE7C0F808C0B0BD000067
:100B9000026822F48062114301607047F0B581B0B1
:100BA0000446022017460D4601F086FB4DF6836190
:100BB000C4F21B31A0FB0112910C48F2FF62C0F29B
:100BC000933290420A4688BF3C22636848F2A0668E
:100BD000C0F2010623F03F03B54243EA020363601B
:100BE00007D844F2C042C0F2843290422BD33C2159
:100BF00031E041F68021C0F206018D4237D84FF432
:100C00009671514348F63812C0F24102A1FB02121C
:100C1000511C2162E169192221F48041002F18BF83
:100C200001F5804108BF0322E161E1696A4341F4B3
:100C30000041B0FBF2F0E161E169020508BF41F05B
:100C40000101084312E048F27F42C0F21E029042C6
:100C50008CBF0131022121626900B0FBF1F0042850
:100C600098BF0420E1696FF31F300843E06101B0D1
:100C7000F0BD000010B545F20041C4F20001884209
:100C800012D045F60041C4F20001884209D045F671
:100C90000001C4F20001884218BF10BD40F61604DE
:100CA00004E040F6170401E040F61504204601F088
:100CB00073FC2046BDE8104001F05EBC426822F49F
:100CC0000062114341607047016841F00101016019
:100CD0007047000040F20152914202D1416980699F
:100CE000704701F01F0289094FF0010C0B580CFAF4
:100CF00002F223EA02020A50704700008A091058E3
:100D000001F01F01C84000F00100704721F001010F
:100D1000023218BF0131016170470000D0F800C0F5
:100D20006FF39F232CF0020C41EA0C01016043EAAF
:100D30000201816070470000016841F48071016028
:100D400070470000016841F40071016070470000C5
:100D5000B0B541F20004C4F2020420464FF4004151
:100D6000FFF7C2FEB0FA80F0450920464021FFF7A8
:100D7000BBFE002820464FF4006108BF0225FFF7A4
:100D8000B3FE002820464FF0100108BF0325FFF7EF
:100D9000ABFE002820464FF0800108BF0425FFF776
:100DA000A3FE0028A4F540604FF0010108BF05250F
:100DB000FFF79AFE40F61921C2F20001002808BF91
:100DC000062540F61B200A78C2F2000040F61823E0
:100DD000057025EA0200C2F200031870013840F6DF
:100DE0001A23C0B2AA43C2F2000305281A700D707C
:100DF00088BFB0BD46F2C041C0F6010151F82000E5
:100E0000017881F001010170B0BD000080B540F2B1
:100E1000700C0021C2F2000C4FF0010E002000BF48
:100E20001CF801200EFA01F3002A01F10101DBB2E6
:100E300018BF18430629F3D140F21A0CC2F2000C75
:100E40009CF80020824208BF80BD40F61842C4F2E0
:100E50000202C107114602F1100E08BF71464FF49D
:100E600080630B608107114658BF71464FF40063E1
:100E70000B604107114658BF71464FF480530B6019
:100E80000107114658BF71464FF400530B60C1066D
:100E9000114658BF71464FF480430B6081064FF4F2
:100EA000004158BF724611608CF8000080BD000000
:100EB0004EF608504DF20001CEF20000C0F60001DF
:100EC000016003F005FF002001F062F8C82001F086
:100ED0002DF8FFF711FDFDF7BDFCFDF7C1FBFDF798
:100EE000E5FCFDF715FCFDF72BFF41F2000446F68B
:100EF0003D71C4F20104C0F60101204600F0D0F8B3
:100F000046F60271C0F60101204600F0C9F8FDF76F
:100F10004DFC46F62B71C0F60101204600F0C0F8EA
:100F200046F61771C0F60101204600F0B9F8FDF74A
:100F30000BFB18A1204600F0B3F81BA1204600F0DF
:100F4000AFF8FDF7B5FB1DA1204600F0A9F820A1E0
:100F5000204600F0A5F8FDF731FD22A1204600F063
:100F60009FF802F05FFC24A1204600F099F8FCF7FE
:100F70007DFD27A1204600F093F803F0CFFE02F09C
:100F800057FC00F0F7FA01F0F3FC00BF01F0F8FCA9
:100F9000FCE700BF424F4F543A2061646320646F06
:100FA0006E650D0A00000000424F4F543A20646104
:100FB0006320696E69742E2E2E0D0A00424F4F5425
:100FC0003A2064616320646F6E650D0A00000000C2
:100FD000424F4F543A2072746320696E69742E2E0A
:100FE0002E0D0A00424F4F543A2072746320646FF2
:100FF0006E650D0A00000000424F4F543A206F6C9E
:10100000656420696E69742E2E2E0D0A00000000A2
:10101000424F4F543A206F6C656420646F6E650DCB
:101020000A0000002DE9F041C66A8E4203D1002774
:101030003846BDE8F081044600790D4610B360786B
:1010400004F130084146324601230127FEF704FD32
:1010500010B13846BDE8F081D4E907010022084408
:10106000864222710ED2E778022F0BD3E1696078B5
:101070000E44414632460123FEF7EEFC013FF8B232
:101080000128F3D8002DD2D0607804F130012A462F
:1010900001230127FEF7BCFC0028DAD1E562C6E790
:1010A00082B0F0B5ADF5017D0E4601AD0446CDE947
:1010B000862386AB28464FF400713246009304F035
:1010C00071FD47F20877C2F20007002139803988A4
:1010D0000646884212DD00BF3888295C204604F0AD
:1010E0007DF800BF2046072104F0F0F80028F9D071
:1010F00038880130388038888642EDDC30460DF57E
:10110000017DBDE8F04002B070470000B0B54EF67A
:101110000C5ECEF2000EDEF800304FF0FF3503F427
:10112000E063A3F54073B3F5A06F22BF40F2005314
:10113000C0F2FA53CEF80030DEF800304EF2001C58
:10114000C3F3022383F00704042C28BF0424033BC9
:1011500005FA04F438BF0023A143994005FA03F3CC
:101160009A4300F00F037344CEF2000C114308338E
:10117000B0F1FF3F4FEA011100EB0C02C8BF02F5CE
:1011800040730028197048BFB0BD00F01F01012254
:1011900002FA01F1C0F342104CF82010B0BD00007B
:1011A0004FF68072C1F6FF72114008434EF60851A7
:1011B000CEF200010860BFF34F8F704781B0F0B5E9
:1011C000ADF5027D02AE0C460546879387AB3046EF
:1011D0004FF40071019304F0E5FC074628462146D0
:1011E00032460823FCF7DEFC38460DF5027DBDE8EB
:1011F000F04001B0704700002DE9F04385B041F2A6
:101200000005C4F2020528464FF40041FFF76CFCCC
:10121000804628464021FFF767FC814628464FF468
:101220000061FFF761FC074628461021FFF75CFCD0
:10123000044628468021FFF757FC0646A5F5406086
:101240000121FFF751FC05460FA200200021434673
:10125000CDE90097CDE902460495FFF7AFFFFFF710
:10126000B5FB00F059FE03460F460DA200200121F8
:10127000CDE90037FFF7A2FF0CA20020022105B044
:10128000BDE8F043FFF79ABF4B4559205354413A0C
:1012900020256425642564256425642564000000F8
:1012A00075775469636B3A256C6C64004144433A2A
:1012B0002000000070B543F26420C2F2000001F08B
:1012C00085F941F24421C2F200018A7E0ABB43F251
:1012D000333398421DD344F60004C4F200040120C5
:1012E00000251DA6887600BF715D204603F076FFBD
:1012F0002046072103F0EAFF0028F9D00135072D29
:10130000F2D100BF2046062103F0E0FF0028F9D00B
:1013100020E0FAB140F6CC42904288BF70BD44F65E
:101320000004C4F2000400250DA68D76715D2046F0
:1013300003F054FF2046072103F0C8FF0028F9D02E
:101340000135082DF2D100BF2046062103F0BEFF73
:101350000028F9D070BD00BF50415553450D0A001B
:10136000524553554D450D0A000000002DE9F04F40
:10137000C1B041F24420C2F2000084680169A14278
:1013800040F0CF804169D0F80CA0CB439A4559D1A9
:101390004CF20009C0F6000942F2642048F2203500
:1013A0004CF2C3374CF23C3BC2F2000049464FF4CA
:1013B0008052CEF6B855CAF2A557C5F6A52BFBF755
:1013C00056FF01AE304649464FF48072FBF74FFF9F
:1013D000019AD9E94010D9F8FC815A4506D1409AC2
:1013E000BA4203D1029AB2F1011F44D0594508BF55
:1013F000B84530D030464FF48071FBF751FF09F506
:1014000080514FF00110069109F5643102900020DF
:1014100007914FF0FF31CDF804B00390409700BF23
:10142000325C5140082200BF0B4685EA5101DF07BC
:1014300008BF5908013AF7D10130F828F0D1C84364
:101440003F9018E041F2000038A1C4F2010052467A
:10145000FFF726FE65E0B0F1011FCBD1CDE9011009
:101460004CF2081106F10800C0F60001F422FBF767
:10147000FEFECDF8008109F58050069009F5643034
:1014800007904AF65520CAF6552006F10808039041
:1014900000204FF0FF31CDE9044A0A90325C514000
:1014A000082200BF0B4685EA5101DC0708BF590836
:1014B000013AF7D10130F828F0D142F26427C8434D
:1014C000C2F20007DDE90145409E3F9001A9384680
:1014D0004FF48072FBF7CBFE07F584704146F4228F
:1014E000C7E94045FBF7C3FE48464FF48051C7F8B3
:1014F000FC6104F042FB68B142F26421C2F20001D7
:1015000048464FF4805204F03DFB18B1012041B031
:10151000BDE8F08F41F200000FA1C4F20100FFF717
:10152000BFFD002041B0BDE8F08F00BF4F54413AED
:1015300020637263206D69736D617463682C20652C
:1015400078703D30782530385820676F743D30789A
:10155000253038580D0A00004F54413A207061720E
:10156000616D20636F6D6D6974206661696C65647F
:101570000D0A000000F088B870B586B04CF23C321D
:1015800044F60004C5F6A522C4F200040025019229
:10159000812201AE0295CDE90455ADF80820ADF8E1
:1015A0000A000391715D204603F018FE20460721D2
:1015B00003F08CFE0028F9D00135142DF2D100BFC4
:1015C0002046062103F082FE0028F9D006B070BD47
:1015D00070B586B04CF23C3344F60004C5F6A52342
:1015E000C4F2000400250193822301AE0295CDE9E7
:1015F00004558DF808308DF80920ADF80A000391E4
:10160000715D204603F0EAFD2046072103F05EFEEF
:101610000028F9D00135142DF2D100BF2046062153
:1016200003F054FE0028F9D006B070BD002808BFB2
:1016300070470B46B1B180B5024643F26420C2F256
:10164000000011461A4601F05FF80028BDE880400E
:1016500018BFFFF72FBE41F2000003A1C4F2010042
:10166000FFF71EBD704700BF5B4F54415D205269BC
:101670006E6720627566666572206F766572666C4D
:101680006F77210D0A00000041F24423C2F20003EB
:101690004FF0000C4FF0FF30C3E904C043F2642068
:1016A00043F27421C2F20000C2F200014FF4804202
:1016B000C3E900CCC3E902CCC3F818C0A3F818C032
:1016C00083F81AC000F0AABF2DE9F04FADF5117DE7
:1016D00043F26420C2F2000000F078FF142803D225
:1016E0000DF5117DBDE8F08F064648F2203A4CF228
:1016F0003C3444F6000943F2642741F24428CEF614
:10170000B85AC5F6A524C4F20009C2F200070DF5C7
:10171000077BC2F200088CAD0AE000BF3846012109
:1017200000F064FF384600F051FF06461428D7D376
:1017300038465946142200F079FF8798A042EDD12F
:10174000BDF82802B0F5007F2AD93846012100F003
:101750004DFFBDF82202D8F81010002640F2825248
:10176000CDE98F66CDE98C46ADF83422ADF836026E
:101770008E9100BFA95D484603F030FD4846072121
:1017800003F0A4FD0028F9D00136142EF2D100BFD9
:101790004846062103F09AFD0028F9D0C2E700BFB1
:1017A000143086429CD338461421C34600F01EFFF5
:1017B000BDF828221AB1384607A900F06DFFBDF820
:1017C000288207A9B8F1000F41D04FF0FF30002464
:1017D0000A5D5040082200BF03468AEA5000DE0737
:1017E00008BF5808013AF7D101344445F0D18B9A2B
:1017F000504001302BD0BDF82202DBF810104CF223
:101800003C34D8460026C5F6A52440F282220DF5C8
:10181000077B8D96CDE98F668C94ADF83422ADF8B8
:1018200036028E91A95D484603F0D8FC4846072150
:1018300003F04CFD0028F9D00136142EF2D100BF80
:101840004846062103F042FD0028F9D06AE79DF8DA
:101850002002032800F0B28002281CD0012840F0AA
:10186000EC80BDF82202002840F04181899A002ACC
:1018700040F03D81B8F1240F00F06B81B8F1100FFA
:1018800040F0B1810999DDE9072304910A99012605
:101890000391D8460AE29BF800005A46012840F01E
:1018A000FA80168BBDF82202721E92B2824206D1D5
:1018B000899BDBF810204344934240F2A681B0425A
:1018C00040F01D81899ADBF810309A4240F0C581C2
:1018D000B8F1000F5A462DD0906803EB08028242FF
:1018E00000F2A08245F20000C0F60400184442460F
:1018F00004F048F9002800F09782DBF8140000217A
:1019000007AC00BF625C5040082200BF8AEA500367
:10191000C60708BF4308013A1846F7D101314145CF
:10192000F0D1DBF810105A46CBF8140001EB080098
:10193000CBF81000108B116901301083BDF8220222
:101940004CF23C340026C5F6A524812390460DF5C3
:10195000077B8D96CDE98F668C94ADF83432ADF867
:1019600036028E91A95D484603F038FC48460721AF
:1019700003F0ACFC0028F9D00136142EF2D100BFE0
:101980004846062103F0A2FC0028F9D0D8F8102020
:10199000D8F80830100518BF9A4279D16420504316
:1019A000B0FBF3F647F2544109F54840C0F6010197
:1019B0000096FFF775FBFFF77DFCB3E69BF8000090
:1019C000012809D1BDF82202BBF81810884208BFCF
:1019D000B8F1000F00F00C814CF23C32BDF822024D
:1019E000DBF81010C5F6A52200268C9240F2827218
:1019F000D8460DF5077B8D96CDE98F66ADF834227C
:101A0000ADF836028E9100BFA95D484603F0E6FBB3
:101A10004846072103F05AFC0028F9D00136142E5D
:101A2000F2D100BF4846062103F050FC0028F9D04F
:101A30004CF23C34C5F6A52474E6BDF82202DBF86E
:101A400010104CF23C34D8460026C5F6A5244FF4BD
:101A5000C1720DF5077B8D96CDE98F668C94ADF83C
:101A60003422ADF836028E91A95D484603F0B6FBEC
:101A70004846072103F02AFC0028F9D00136142E2D
:101A8000F2D100BF4846062103F020FC0028F9D01F
:101A9000FFF710FC46E6BDF8220211694CF23C3417
:101AA0000026C5F6A5244FF4C17390460DF5077BBB
:101AB0008D96CDE98F668C94ADF83432ADF8360250
:101AC0008E9100BFA95D484603F088FB4846072178
:101AD00003F0FCFB0028F9D00136142EF2D100BF30
:101AE0004846062103F0F2FB0028F9D01AE64CF232
:101AF0003C34D846C5F6A5240DF5077B3FE1DBF85D
:101B000010104CF23C34D8460026C5F6A52440F20D
:101B100082320DF5077B8D96CDE98F668C94ADF8FA
:101B20003422ADF836028E91A95D484603F056FB8B
:101B30004846072103F0CAFB0028F9D00136142ECD
:101B4000F2D100BF4846062103F0C0FB0028F9D0BF
:101B5000E8E5079B4CF23C32C5F6A52293424FF0D4
:101B6000000641D1BDF82020069B022AD84640F04D
:101B70009C80BDF82220242A40F0978045F2000383
:101B80000C9AC0F60403A3F560339A422DD10D9A46
:101B9000069B012A40F089800A9A002A00F085807D
:101BA000B2F5603F00F28180099C0B9BDDF83C8020
:101BB0004FF0FF3C029300BF8B5D8CEA030C0823BF
:101BC00061468AEA5C0C5FEAC17E08BF4FEA510CAD
:101BD000013BF5D10136202E07A9EDD18CEA080191
:101BE000013100F006810026D846DDE905235DE0DD
:101BF0008998DBF8101088427FF4EEAE8B98DBF802
:101C00000C1088427FF4E8AE01E14CF23C31C5F69D
:101C1000A52100268C918121D8460DF5077B8D9654
:101C2000CDE98F66ADF83412ADF836028E9200BF62
:101C3000A95D484603F0D2FA4846072103F046FB67
:101C40000028F9D00136142EF2D100BF48460621F3
:101C500003F03CFB0028F9D0EAE64CF23C31C5F633
:101C6000A52100268C9140F28241D8460DF5077BD4
:101C70008D96CDE98F66ADF83412ADF836028E93AD
:101C8000A95D484603F0AAFA4846072103F01EFB67
:101C90000028F9D00136142EF2D100BF48460621A3
:101CA00003F014FB0028F9D0C2E6059A002E0DF5CA
:101CB000077BCDE905235ED098F800104CF23C3448
:101CC0000129C5F6A52408BFA2427CD00499481E6C
:101CD000C00B062800F29780A24240F0948001F6E3
:101CE000FF7000F4FE2145F20000C0F6040003F08E
:101CF00044FF049B002800F086804FF0FF31012054
:101D0000069ADDF80CC0C8F8141047F2734188F841
:101D100000000026A8F8180009F54840C0F60101A7
:101D2000C8E90123C8E903C6CDF800C0FFF7B8F938
:101D3000BDF82202D8F810108122CDE98F66CDE9D6
:101D40008C46ADF83422ADF836028E91A95D484636
:101D500003F044FA4846072103F0B8FA0028F9D006
:101D60000136142EF2D100BF4846062103F0AEFA28
:101D70000028F9D08CE64CF23C34C5F6A524D8F8FE
:101D80001010002640F28252CDE98F66CDE98C46D4
:101D9000ADF83422ADF836028E9100BFA95D4846F9
:101DA00003F01CFA4846072103F090FA0028F9D006
:101DB0000136142EF2D100BF4846062103F086FA00
:101DC0000028F9D0AEE4D8F804108B427FF47EAF3F
:101DD000D8F80810049E8E427FF478AFD8F80C1023
:101DE000039E8E427FF472AFD8F81010FFF7C4FB49
:101DF00098E402990126CDE903124CF23C322346C5
:101E0000C5F6A52245E5BDF8220200211DE0FFF739
:101E1000ADFA0246BDF82202DBF81010BABBD84674
:101E2000072213E028A100E02DA109F5484420462F
:101E3000FFF736F9DBF8102030A12046D846FFF72F
:101E40002FF9BDF82202DBF810100622FFF7C0FBC5
:101E500000204FF0FF31C8E90000C8E90200C8E9DE
:101E60000401C8F81800A8F8180088F81A0043F20E
:101E7000642043F27421C2F20000C2F200014FF468
:101E8000804200F0CBFB0DF5117DBDE8F08FFFF730
:101E900073FB09F5484003A1FFF702F972B6FCF79E
:101EA00003FA00BF4F54413A20646F6E652C2072D4
:101EB0006573657420746F20626F6F746C6F6164FA
:101EC00065720D0A000000005B4F54415D205369AC
:101ED0007A65206F766572666C6F77210D0A000057
:101EE0005B4F54415D20466C617368207772697462
:101EF00065206661696C6564210D0A004F54413AA2
:101F0000207772697465206661696C65642061740C
:101F10002025750D0A00000080B540F28002C2F253
:101F2000000252690023FBF771F980BD70B540F2E1
:101F3000800440F61422C2F20004C2F20002616979
:101F40001368A1FB00105B2BACBF12685A22D31799
:101F5000561A834118DA8D1A60EBE276FEF736FDE9
:101F60002D184E41FEF732FD421B71EB0602A8BF51
:101F700070BD281A626966EB01010023FBF746F980
:101F800000F004F80028EDD170BD0000012070477A
:101F900070B540F28006EFF3108572B6C2F200060B
:101FA000307600F033F8044600F00EF885F3108820
:101FB00003F058F80020C6E90000C6E90200FCF76B
:101FC000A1F9204670BD00004EF60450CEF200008C
:101FD0004FF00071016070474EF21400CEF2000025
:101FE00001684068081A4FF0000161F10001704774
:101FF00040F20000C2F20000006870474EF2140088
:10200000CEF200000068002170470000C0B94EF217
:102010001001CEF2000100226FF07F43EFF3108039
:1020200072B60A604B604EF60453CEF20003DA77C4
:102030008A6007220A604FF00071196080F31088EF
:102040000120704780B5FFF7D9FF40F2800CEFF315
:10205000108E72B6C2F2000CDCE90032C018514199
:10206000013041F10001CCE900018EF3108880BD00
:102070004EF60450CEF200000068C0F38060704756
:1020800047F20000C4F20000016841F48071016071
:1020900070470000022945D383698B4242D92DE95C
:1020A000F04381B00378032B4ED0022B3CD0012BA0
:1020B00056D11546026A01EB51070E4602EB572135
:1020C0000446FEF7AFFF014620460A46002964D1C8
:1020D000394600F130096FF35F215FEAC6782A467E
:1020E00006D019F801202B4602F00F0265F30B12FF
:1020F00009F80120026A01370121017102EB572121
:10210000FEF790FF0246002846D1B8F1000F6FF3AA
:102110005F273ED119F80700C5F3032100F0F00056
:10212000084437E0022070471446026A0E4602EB6C
:1021300011210546FEF776FF024678B9F1B205EBAC
:10214000410128460C8628E01446026A0E4602EB3E
:10215000D1110546FEF766FF024618B128461CE07D
:1021600002221AE006F07F0105EB810191F833307D
:10217000270A03F0F00344EA0363284681F831702C
:10218000270C1B0E81F8304081F8327081F8333013
:1021900003E0280909F807002046012101711046D3
:1021A00001B0BDE8F083000010B542F63442C4F23D
:1021B000010200BF116811F0450FFBD0CA0764D1BE
:1021C000490767D4044602F0F7F9A0421CBF082073
:1021D00010BD40F2FF70C0F2C00002F087FA00208C
:1021E00002F0CCFA01464EF20800CFF6F950014257
:1021F00055D000294FF0000048BF10BDB0EB917FD3
:102200001CBF012010BDB0EB517F1CBF022010BDD0
:10221000B0EB117F1CBF032010BDB0EBD16F1CBF12
:10222000042010BDB0EB916F1CBF052010BDC8018C
:1022300044BF062010BD080244BF072010BD48025D
:1022400044BF082010BD880244BF092010BDC80249
:1022500044BF0A2010BD080344BF0B2010BDC803B3
:1022600044BF0C2010BD080444BF0D2010BD48041D
:1022700044BF0E2010BD880444BF0F2010BD0807C6
:102280004FF0100058BF1C2010BD012002F02EFAA4
:10229000112010BD042002F029FA132010BD1D20CA
:1022A00010BD000043F67400C4F20200016841F062
:1022B000807101607047000010B543F60402C4F25B
:1022C000020253680146C3F3810342F20040022B2D
:1022D000C0F2F40006D0012B1FD147F64000C0F237
:1022E0007D101AE0D2F800C013680CF03F0CC3F365
:1022F000881E13681468C3F30143640247F6400460
:10230000C0F27D1458BF0446B4FBFCF4022000EB7D
:10231000430004FB0EF3B3FBF0F0536811A4C3F3C6
:102320000313E35C546846F67E6CC4F38224C0F663
:10233000010C1CF804E05268032911D820FA03F3B9
:10234000DFE801F00D020407184610BD23FA0EF075
:1023500010BDC2F342301CF8000023FA00F010BD9B
:10236000002010BD00000000000000000102030476
:102370000607080943F6000300F01F018009C4F2B4
:1023800002034FF0010CC2580CFA01F11143C15085
:10239000704700000146B0F5E05F4FF0000029DA19
:1023A0001C2900F2A680DFE801F00FA4A4A4A4A4D5
:1023B000A4A4A4A4A4A4A4A4A4A477A4A4A4A4A40A
:1023C000A4A45FA447A48D0043F6000C40F2FF4094
:1023D000C4F2020C002200BFDCF80010013842F108
:1023E0000003890701D4002BF6D1DCF80000C0F30C
:1023F000400070477ED0B1F5E85F00F0958043F271
:102400001002914218BF704743F6000C4FF6FE7160
:10241000C4F2020CC0F20F01002200BFDCF8C000C1
:10242000013942F10003800301D4002BF6D1DCF81E
:10243000C000C0F34040704743F6000C4FF6FE71F9
:10244000C4F2020CC0F20F01002200BFDCF8000051
:10245000013942F10003000101D4002BF6D1DCF870
:102460000000C0F3C060704743F6000C4FF6FE71E9
:10247000C4F2020CC0F20F01002200BFDCF8000021
:10248000013942F10003800101D4002BF6D1DCF8C0
:102490000000C0F34060704743F6000C4FF6FE703A
:1024A000C4F2020C002200BFDCF80010013842F137
:1024B0000003890301D4002BF6D1DCF80000C0F33F
:1024C0004040704743F6000C4FF6FE71C4F2020C18
:1024D000C0F20F01002200BFDCF80000013942F118
:1024E0000003800001D4002BF6D1DCF80000C0F31B
:1024F000407070474FF6FE7143F6000CC0F20F01BA
:10250000C4F2020C01F17F61002200BFDCF8700010
:10251000013942F10003800701D4002BF6D1DCF829
:102520007000C0F34000704743F6000C4FF6FE7198
:10253000C4F2020CC0F20F01002200BFDCF87400EC
:10254000013942F10003800701D4002BF6D1DCF8F9
:102550007400C0F34000704743F6000300F01F0111
:102560008009C4F202034FF0010CC2580CFA01F1C9
:102570001143C1507047000043F6000300F01F01F3
:102580008009C4F202034FF0010CC2580CFA01F1A9
:1025900022EA0101C150704743F6000300F01F0119
:1025A0008009C4F202034FF0010CC2580CFA01F189
:1025B0001143C1507047000043F67001C4F202019C
:1025C0000A6822F4407210430860704758B10168ED
:1025D00049B1416839B1D0E9022082422EBF101AB8
:1025E0001144081A7047002070470000A8B1026823
:1025F0009AB14268002A08BF7047D0E9023CB3EBA9
:102600000C0338BF13448B4228BF0B4603EB0C016D
:10261000B1FBF2F303FB1211C160704700281EBF2B
:10262000002380E80E00C360704700008446002845
:102630004FF0000018BF002900D17047DCF80000FF
:1026400028B3B0B5DCF804E0BEF1000F21D0DCE91E
:102650000203C01A38BF7044904228BF10460028B9
:1026600008BFB0BDDCF80CE001390346DCF80020FF
:10267000013B12F80E2001F8012FDCF804500EF196
:102680000102B2FBF5F404FB152EEFD1B0BD002022
:1026900070470020B0BD0000B0B5864600284FF05E
:1026A000000018BF002900D1B0BDDEF8000040B323
:1026B000DEF804C0BCF1000F23D0DEE90203C01A2B
:1026C00038BF6044904228BF1046002808BFB0BD04
:1026D00001390246DEF800C0DEF80C30013A1CF881
:1026E000033001F8013FDEF80CC0DEF804500CF1B5
:1026F0000103B3FBF5F404FB1533CEF80C30E9D13C
:10270000D2E70020B0BD000000284FF0000318BF42
:10271000002901D11846704710B503682BB3D0F8D3
:1027200004E0BEF1000F20D0D0E9023C634538BF81
:102730007344DC430CEB0E032344934218D392B151
:10274000013900BF11F801CF04688368013A04F829
:1027500003C0D0E901C303F10103B3FBFCF404FBA4
:102760001C338360EED1012303E000239342E6D2C1
:102770000023BDE8104018467047000080B542F6BF
:10278000000CC4F2000CDCF800E0DCF80430DCF8EB
:1027900010101A0CDCF808C00270C3F30422427057
:1027A00003F03F028270C3F34232C270CEF305429F
:1027B0000271CEF3062242710EF07F028271C1F3E4
:1027C00006426FF3DF31028141810EF480010CF08B
:1027D0004002C0E9031280BD2DE9F04382B042F609
:1027E0000C02C4F20002CA2190F8008090F801E0C7
:1027F00090F802C090F80390C5680379477986790C
:102800009161532191614FF4804100911168490613
:1028100010D4116841F08001116000BF1168009C64
:10282000013C009402D011F04004F7D0C1F38011B4
:1028300019B951E0012100294ED003F03F0145EACA
:10284000014107F07F0341EA032106F07F031943AA
:102850004FEA084369F34F330EF01F0743EA07239B
:102860000CF03F073B44478906896FF3DF3766F377
:102870001647576042F80C1C42F8083C52F8041CFA
:1028800021F0400142F8041C006952F8041C08437E
:1028900042F8040C106820F0800010604FF40040F3
:1028A000019052F8040C800615D4CA209061532080
:1028B0009061106820F02000106000BF106801993E
:1028C0000139019102D010F02001F7D0C0F340117E
:1028D000FF20906100E00121FF230846936102B0D0
:1028E000BDE8F08381B042F60C014FF40040C4F221
:1028F0000001009051F8040C800642BF012001B095
:102900007047CA20886153208861086820F0200041
:10291000086000BF0868009A013A009202D010F0E7
:102920002002F7D0FF22C0F340108A6101B0704747
:1029300010B582B040F63024C2F200042046FFF702
:102940001DFF237994F805C0A47904A20020032177
:10295000CDE900C4FEF732FC02B010BD25302E32A6
:10296000783A25302E32783A25302E327800000021
:1029700047F2FD60C2F200000621017070470000BE
:1029800070B547F2FD64C2F200042078002808BF49
:1029900070BD40F22000C2F2000000F108050026E0
:1029A00006E000BF20780136864205F10C050DD205
:1029B000FEF70CF8FFF7B0FA55E901121144814215
:1029C000F0D855F8081C28608847EBE770BD000078
:1029D0002DE9F04381B004460020002C009000F067
:1029E000A2800D4640F268011646C2F200011D2287
:1029F0000A7047F20471C2F2000147F200770860E2
:102A0000C2F2000700210022386001F003FE00201E
:102A1000002101F025FE01F055FE01F03FFE0020EF
:102A200001F0ACFE800117D440F23010C2F2000079
:102A300000780022022804BF4FF400766D0A711E50
:102A400088B2B2EBD02F4FF0190008BF11EA06018F
:102A500006D001B0BDE8F083062001B0BDE8F083E8
:102A6000012E02D14FF000080BE00020314600BFDC
:102A7000C1F34E01012900F10100F9D100015FFA13
:102A800080F810203146402201F09EFD00204FF0DA
:102A9000000901F093FE01F0B3FD1020FFF784FB65
:102AA0001D28D6D147F2FC60C2F2000080F80090E9
:102AB0004FF0FF30314642463E6001F0ABFD022050
:102AC000002101F0CDFD01F007FE11202946402232
:102AD00001F07AFD002001F071FE01F091FD11205E
:102AE000FFF762FB05461D2879D140F26C00C2F267
:102AF0000000006810B3012815D140F22A6001F0EF
:102B0000FBFDA0B94FF4004001F0F6FD0028F4D021
:102B1000002600BF01F09EFD44F826000136082E75
:102B2000F8D12034E9E7192001B0BDE8F083022094
:102B3000022601F0E1FD20B312254DE040F22930DC
:102B400001F0F8FD01F0B4FD2046FDF791F848F2E0
:102B5000A06046F20044C0F20100C4F202040090FA
:102B6000204606212022FDF70FF8C0BB0098B0B325
:102B7000009801380090009800284FF01C00EFD119
:102B800067E70820082601F0B7FD08B1142523E007
:102B90002020202601F0B0FD08B116251CE04FF4DE
:102BA00000704FF4007601F0A7FD08B1172513E07F
:102BB00040F2FF764FF40010C0F2C00601F09CFD19
:102BC00050B1043C01F046FD44F8040F4FF40010EE
:102BD00001F092FD0028F5D1304601F087FD28462E
:102BE00001B0BDE8F08300002DE9F04F83B004464A
:102BF0000020002C8DF80B00019000F0DF8040F2E7
:102C0000680A0E46C2F2000A1D218AF8001047F237
:102C1000047947F20071C2F20009C2F200011546C0
:102C2000C9F8000008600021002201F0F3FC002038
:102C3000002101F015FD01F045FD01F02FFD002000
:102C400001F09CFD800117D440F23010C2F2000068
:102C500000780022022804BF4FF40075760A691E2E
:102C600088B2B2EBD02F4FF0190008BF11EA05016E
:102C700006D003B0BDE8F08F062003B0BDE8F08FAA
:102C8000012D01D1002709E000202946C1F34E01A2
:102C9000012900F10100F9D10001C7B21020294635
:102CA000402201F091FC002001F088FD01F0A8FC19
:102CB0001020FFF779FA1D28DBD147F2C06BC2F272
:102CC000000BBBF80000402201040D2001F07CFC49
:102CD000002001F073FD01F093FC0D20FFF764FA72
:102CE0001D28C6D148F2A06800200097C0F2010854
:102CF00001F044FDC005CDF804801AD40198C0B19C
:102D00000198402201380190BBF8000001040D2019
:102D100001F05AFC002001F051FD01F071FC0D2082
:102D2000FFF742FA1D28A4D1002001F027FDC005BD
:102D3000E4D50198002845D018203146402201F002
:102D400043FC0020002601F039FD01F059FC182059
:102D5000FFF72AFA009A47F200711D28C2F200011B
:102D60007FF487AF47F2FC60C2F2000006700D608E
:102D70004FF0FF30294601F04DFC0020002101F00A
:102D80006FFC01F0A9FC40F26C00C2F20000006888
:102D9000E0B1012812D140F21A6001F0ADFC002828
:102DA00066D0022001F0A8FC002800F097800220E5
:102DB00001F09CFC122003B0BDE8F08F192003B095
:102DC000BDE8F08F1C2003B0BDE8F08F40F21A3050
:102DD00001F0B0FC2046FCF7F7FF01F069FC48F277
:102DE000A06046F20044C0F20100C4F20204019067
:102DF000204606212022FCF7C7FE70B9019860B179
:102E0000019801380190019800284FF01C00EFD183
:102E10002FE79AF800001D2803D1D9F800000028F8
:102E2000F7D09AF800001D2863D140F2FF70C0F27D
:102E3000C00001F05BFC0DF10B0000F023FC1D282D
:102E40007FF417AF9DF80B1001F0FE0106297FF407
:102E500010AF0DF10B04204600F014FC1D287FF488
:102E600008AF9DF80B1001F0FE010629F3D000E732
:102E700000254FF0010805E040F21A6001F03CFC2B
:102E800000288ED14FF4804001F036FC0028F3D0AA
:102E900047F20070C2F200000068401B202811D2E7
:102EA0008708810718BF08EB9007002FE4D0BE0009
:102EB000043C54F8040F01F0DFFB013FF9D1354425
:102EC0000434D9E7002600BF54F8260001F0D4FBF3
:102ED0000136082EF8D120342035CDE7082001F046
:102EE0000BFC58B1082001F001FC142003B0BDE830
:102EF000F08F9AF8000003B0BDE8F08F102001F0C9
:102F0000FBFB30B1102001F0F1FB152003B0BDE850
:102F1000F08F4FF4007001F0EFFB00283FF485AF15
:102F20004FF4007001F0E2FB172003B0BDE8F08F12
:102F300010B540F23011C2F200010978022984BFB5
:102F40001D2010BDB8B1B0F5805F12D0B0F5006F94
:102F500026D14FF4802000F025F81D2821D1044609
:102F6000002000210022002301F000FB4FF400604C
:102F700010E01B2010BD4FF4803000F013F81D2826
:102F800018BF10BD0446002000210022002301F0DC
:102F9000EDFA002001F0DEFA01F0B8FB204610BD8A
:102FA000192010BD2DE9F04182B004460020002711
:102FB00001F0E4FB80014FD447F2C065C2F2000586
:102FC0002E88102008214022CDE9007701F0FCFA7C
:102FD000002001F0F3FB01F013FB1020FFF7E4F8F1
:102FE0001D2840F0818031043720402201F0ECFAA6
:102FF000002001F0E3FB01F003FB3720FFF7D4F8DA
:103000001D2871D14FF0FF300821302201F002FB62
:103010000020022101F024FB01F05EFB332000219F
:10302000402201F0D1FA002001F0C8FB01F0E8FADB
:103030003320FFF7B9F81D2856D1804640F22A60A8
:1030400001F05AFB60B1022001F056FBF0B1022002
:1030500001F04CFB122047E0062002B0BDE8F081F1
:1030600000276E4606E000BF40F22A6001F044FBF4
:103070000028E8D14FF4001001F03EFB0028F3D007
:1030800001F0E8FA46F827000137EDE7082001F0E3
:1030900033FB20B1082001F029FB142024E020207C
:1030A00001F02AFB20B1202001F020FB16201BE0BC
:1030B0004FF4007001F020FB28B14FF4007001F0D4
:1030C00015FB172010E040F2FF70C0F2C00001F0C5
:1030D0000DFBDDE9001047F2C46200BAC2F2000243
:1030E00009BAC2E9000140461D281DD1B4F5802F60
:1030F0001DD0B4F5803F25D147F2C460C2F2000074
:103100008079C0071AD0288840220104372001F0B6
:103110005BFA0020002401F051FB01F071FA372026
:10312000FFF742F81D2822D002B0BDE8F08147F237
:10313000C460C2F200008079400707D41A2002B0B0
:10314000BDE8F081192002B0BDE8F0812888402256
:103150000104372001F038FA002001F02FFB01F0C4
:103160004FFA3720FFF720F81D28DDD10224062072
:103170002146402201F028FA002001F01FFB01F057
:103180003FFA0620FFF710F802B0BDE8F08100001A
:1031900040F23010C2F20000007801281AD847F23D
:1031A000B460C2F2000047F2B8620068C2F20002E6
:1031B00040F6FC71126801EA8001C2F3C23341EAB1
:1031C000927101319A1CC0F30340914001FA00F062
:1031D000800A704702281CBF0020704747F2B46085
:1031E00047F2B861C2F20000C2F2000100684988EB
:1031F00060F315414FF4007000EB41207047000070
:10320000002804BF1920704710B547F2C06247F28A
:10321000A06340F23011C2F20002C2F20003C2F217
:10322000000112881B6891F800E0A0F844201A0EF3
:1032300080F838E002706FF0FF0202EA1322428049
:10324000428899B242EA112141801906416047F251
:10325000A461C2F2000109684FF47F02436802EAE8
:1032600011221A4342604FF47F42436802EA11225E
:103270001A4342604268C1F307231A434260017255
:1032800047F2A861C2F20001096847F2B86C0A0E61
:1032900042724FF07F4202EA0122C260C26801F42A
:1032A0007F4342EA0322C260C268C9B21143C160CF
:1032B00047F2AC61C2F200010968C2688BB242EA0F
:1032C0001162C2604FF4706202EA11220282028A25
:1032D000C9B242EA132249080282817447F2B061FE
:1032E000C2F200010968BEF1010F4FEA9172027546
:1032F0004FEA114242754FEA11228275C17547F2B9
:10330000B461C2F200010A686FF00F0101EA1251C4
:103310000183018BC2F3035341EA03010183C2F32A
:1033200003418176C2F3C031C176C2F380310177A7
:10333000C2F340314FEA12234177C2F30031C2F2A7
:10334000000C81773BD84FF4406101EA8321016290
:10335000016AD2B241EA82010162DCF80010026A1D
:103360000B0A42EA91720262C1F3C26280F8242021
:10337000C1F3026280F82520C1F3425280F8262072
:10338000C1F3824280F82720062202EAD13280F877
:10339000282090F82820C1F3C031114380F828106C
:1033A000817E012202FA01FE026A90F82840013271
:1033B0000234A24002FA01F1C0E90F1E1FE0BEF183
:1033C000020F1CD14FF47C1101EA02410162DCF8CA
:1033D00000106FF0FF02046A02EA11422243026207
:1033E000026A0B0CC1F3074111430162026A4FF4F8
:1033F00000244FF4007104EBC242C0E90F21C3F373
:10340000801180F829107E2101EA430180F82A10FA
:103410009CF8001090F82A2042EAD11201F07F01B6
:1034200080F82A2080F82B1047F2BC61C2F200011C
:103430000968CA0F80F82C20C1F3826280F82D2021
:103440000C2202EA915280F82E2090F82E20C1F32F
:1034500081531A4380F82E20C1F3405280F82F2068
:10346000C1F3C03280F83020C1F3803280F83120BF
:10347000C1F3403280F83220C1F3003280F83320AB
:10348000C1F38122C9B2490880F8342080F8351090
:103490001D2010BDF0B581B001F064F9002800F0E6
:1034A000818042F6344602200021C022C4F2010687
:1034B00001F08AF8002001F081F901F0A1F800BFC5
:1034C000306810F0450FFBD000F0010110F004004F
:1034D00001EB00044FF004004FF0130504BF40F26D
:1034E000FF70C0F2C00008BF1D2500291CBF0120CD
:1034F000112501F0FBF8002C40F0B08040F2FF7481
:103500000020C0F2C00401F039F947F2A061C2F214
:10351000000108600120012701F030F947F2A461A1
:10352000C2F200010860022001F028F947F2A86108
:10353000C2F200010860032001F020F940F23011CE
:10354000C2F20001097847F2AC62C2F2000202291D
:1035500010603DD803200021402201F035F8002002
:1035600001F02CF901F04CF8306810F0450FFBD059
:10357000C10719D140071DD401F01EF803281ED140
:10358000204601F0B3F8002001F0F8F810F4604F85
:1035900017D0010418D4410411D40B25800458BF5E
:1035A0001D2512E01A2559E00120012701F09EF89F
:1035B00011250BE0042001F099F8132505E00825FA
:1035C00003E0070C1D2501E0072501271D2D45D12E
:1035D00047F2C060C2F20000078039040920C0220F
:1035E00000F0F2FF002001F0E9F801F009F800BF57
:1035F000306810F0450FFBD0132500F0010110F0EA
:10360000040018BF042408BF1D250E1800291CBF84
:1036100001241125204601F069F8FEB9002001F0CF
:10362000ADF847F2B061C2F200010860012001F07C
:10363000A5F847F2B461C2F200010860022001F06F
:103640009DF847F2B861C2F200010860032001F062
:1036500095F847F2BC61C2F200010860284601B04B
:10366000F0BD000080B501040720402200F0ACFF4F
:10367000002001F0A3F800F0C3FF0720BDE8804060
:10368000FEF792BDB0B582B00446002001900090D4
:1036900047F2C060C2F20000008842F634450104DF
:1036A0000D204022C4F2010500F08EFF002001F041
:1036B00085F800F0A5FF00BF28680190019810F080
:1036C000450FF9D00198C0074BD1019840074ED45F
:1036D00000F072FF019001980D284ED140F2FF706A
:1036E000C0F2C00001F002F8002001F047F800909D
:1036F00000984EF20801C0F3432020700098CFF6E6
:10370000F95108423CD000990020002927D4B0EBA1
:10371000917F38D1B0EB517F38D1B0EB117F38D1E8
:10372000B0EBD16F38D1B0EB916F38D1C80139D43B
:1037300008023AD4480220D4880239D4C8023AD4C4
:1037400008033BD4C8033CD408043DD448043ED409
:1037500088043FD408074FF0100058BF1C2002B067
:10376000B0BD012000F0C2FF112002B0B0BD0420A6
:1037700000F0BCFF132002B0B0BD082002B0B0BD05
:103780001D2002B0B0BD012002B0B0BD022002B0C9
:10379000B0BD032002B0B0BD042002B0B0BD052012
:1037A00002B0B0BD062002B0B0BD072002B0B0BD6F
:1037B000092002B0B0BD0A2002B0B0BD0B2002B09B
:1037C000B0BD0C2002B0B0BD0D2002B0B0BD0E20C7
:1037D00002B0B0BD0F2002B0B0BD0000002804BF91
:1037E00019207047B0B5044647F2C060C2F200002D
:1037F0000088402201040D2000F0E6FE002000F0C9
:10380000DDFF00F0FDFE0D20FEF7CEFC1D2818BFE9
:10381000B0BD0546002000F0B1FF014628462160FA
:10382000B0BD0000312000210022FDF76FBC000078
:103830002DE9F043ADF51B7D052400BF0020FCF70A
:10384000B7F800281CBF013C5FEA0441F6D141F201
:103850000008C4F201080546FBF77CFAA4A1404623
:103860002A46FDF71DFC40F2E471C2F2000100207F
:10387000FCF72CFB40F62C24C2F200040246208008
:10388000A3A14046FDF70CFC002D40F09A80208853
:10389000002840F0968046F65B71C0F60101404674
:1038A000FDF7FEFB40F2405547F23939C2F2000500
:1038B000C0F60109284649460A22FCF71BFB208076
:1038C00040F26477984898A1C2F200070E1D4CCED2
:1038D00087E80D00087CFE6038743846F9F7EBFC89
:1038E00040F22C130246C2F2000328463946FCF788
:1038F00017FD208098A10028404690A208BF1146DD
:10390000FDF7CEFB2846FCF7D7FA284649460122A8
:10391000FCF7F0FA208040B147F263110246C0F68E
:1039200001014046FDF7BCFB2EE040F26470C2F29C
:103930000000F9F7C0FC40F2AC06C2F20006814676
:1039400030468021F9F7ACFC40F2A807C2F200072C
:103950000020386040F24050C2F2000031467F2221
:103960003B46FCF7A3FB3B6884460028208008BF49
:103970004B4552D047F28A11C0F6010140466246DB
:10398000CDF80090FDF78CFB40F24050C2F20000F1
:10399000FCF792FA01A84021F9F782FC46F69961FA
:1039A000C0F6010112A80A22FCF7A4FA68B1024687
:1039B000062827D147F25601C0F601014046FDF71F
:1039C0006FFB0DF51B7DBDE8F08346F68661C0F602
:1039D000010112A811AB1222FCF7A2FC119B0246B6
:1039E000002808BF122B35D047F22701C0F601018D
:1039F0004046FDF755FB12A8FCF75EFA0DF51B7D5E
:103A0000BDE8F08346F6CF71C0F601014046FDF7F0
:103A100047FB0DF51B7DBDE8F08340F2AC0240F2A0
:103A20006470C2F20002C2F2000011464D4600BFAF
:103A30002F0408D011F8014B10F8016B013DB4427E
:103A4000F6D0002F96D1002047F2B121D054C0F615
:103A5000010166E712A8FCF72FFA28B146F6A47117
:103A60000246C0F60101D1E746F69961C0F60101B0
:103A700012A80122FCF73EFA28B146F67B710246F5
:103A8000C0F60101C2E7002012AE119001A911ABEE
:103A900030463F22FCF70AFB05463046FCF70CFA9D
:103AA000119B002D08BF122B0BD046F6F971C0F602
:103AB000010140462A46FDF7F3FA0DF51B7DBDE8EE
:103AC000F08346F68661C0F6010101A81222F9F7DB
:103AD000F9FB20B147F2BB11C0F601016EE747F2D6
:103AE000832146F69962C0F60101C0F601028DE716
:103AF00053442043617264206469736B5F696E692B
:103B00007469616C697A653A25640D0A00000000E9
:103B10005344204361726420665F6D6F756E743A22
:103B200025640D0A0000000048454C4C4F204641DA
:103B30005446532054455354000000004641544617
:103B4000532046494C45207772697465205375634C
:103B500063657373210D0A0046415446532046495C
:103B60004C45207772697465206661696C656421D3
:103B70000D0A0000B0B540F60240FEF7EDFC40F63D
:103B80000340FEF7E9FC41F20B10FEF7E5FC40F6BE
:103B90001640FEF7E1FC40F60005C4F20205284697
:103BA0000C214FF4F852FCF763FF05F580642046C2
:103BB0000C210422FCF75CFF2846022101224FF46D
:103BC0007063FCF797FF2846002101224FF47063D1
:103BD000FCF7BAFF2846022100224FF48053FCF77D
:103BE00089FF2846002101224FF48053FCF7ACFFE7
:103BF0002046022101220423FCF77CFF20460021FD
:103C000001220423FCF7A0FF00F03CFD00F0C6FBFE
:103C10001D2811D1FFF73EFC1D2818BFB0BD04467A
:103C2000002000210022002300F0A0FC002000F072
:103C300091FC00F06BFD2046B0BD000010B540F2D5
:103C40006804C2F200041D2020704FF4807000F060
:103C50007FFDA0B147F2FC60C2F2000000780128AD
:103C600020D10C200021402200F0AEFC002000F00A
:103C7000A5FD00F0C5FC0C20FEF796FA13E002202B
:103C800000F066FD30B3022000F05CFD4CF23A30EB
:103C900000F046FD40F61C20C2F200000021016049
:103CA000122064E01D2020704FF4807000F04AFD67
:103CB0004CF23A3000F034FD47F20470C2F20000DA
:103CC0000121016040F61C20C2F2000000210160C9
:103CD000207810BD082000F03BFD70B1082000F0F6
:103CE00031FD4CF23A3000F01BFD40F61C20C2F2D0
:103CF000000000210160142039E04FF4007000F052
:103D000027FD78B14FF4007000F01CFD4CF23A3002
:103D100000F006FD40F61C20C2F200000021016008
:103D2000172024E0102000F013FD70B1102000F0E7
:103D300009FD4CF23A3000F0F3FC40F61C20C2F2D0
:103D4000000000210160152011E0202000F000FD9E
:103D500070B1202000F0F6FC4CF23A3000F0E0FCAC
:103D600040F61C20C2F200000021016016202070E5
:103D7000207810BD2DE9F04F81B004460020002CC2
:103D8000009069D040F2680A0D46C2F2000A1D2177
:103D900047F2047B47F2007917468AF80010C2F216
:103DA000000BC2F20009002100221E46CBF80000E1
:103DB000C9F8000000F02EFC0020002100F050FCAB
:103DC00000F080FC00F06AFC002000F0D7FC8001CD
:103DD00017D440F23010C2F200000078002202280E
:103DE00004BF4FF400776D0A791E88B2B2EBD02F72
:103DF0004FF0190008BF11EA070106D001B0BDE875
:103E0000F08F062001B0BDE8F08F012F02D14FF0F6
:103E100000080AE000203946C1F34E01012900F1F3
:103E20000100F9D100015FFA80F8102039464022E4
:103E300000F0CAFB002000F0C1FC00F0E1FB102004
:103E4000FEF7B2F9022ED9D31D28D7D107FB06F110
:103E50000020B0EB516F03D0192001B0BDE8F08F06
:103E600047F2FC60C2F20000012202704FF0FF3006
:103E70004246C9F8001000F0CDFB0220002100F0FE
:103E8000EFFB00F029FC12202946402200F09CFBA9
:103E9000002000F093FC00F0B3FB1220FEF784F941
:103EA0001D28ABD140F26C01C2F20001096819B3C0
:103EB0000129D1D1054640F22A3000F01DFC80B91D
:103EC0004FF4004000F018FC0028F4D0002600BF9A
:103ED00000F0C0FB44F826000136082EF8D120344B
:103EE000E9E7022000F008FCE0B3022000F0FEFB4E
:103EF000122001B0BDE8F08F054640F22A3000F0F4
:103F000019FC00F0D5FB2046FBF7B2FE48F2A0609A
:103F100046F20044C0F20100C4F2020400902046C0
:103F200006212022FBF730FE70B9009860B100989E
:103F300001380090009800284FF01C00EFD15DE799
:103F40009AF800001D2803D1DBF800000028F7D004
:103F50009AF800001D28284618BF9AF8000001B002
:103F6000BDE8F08F082000F0C7FB30B1082000F05A
:103F7000BDFB142001B0BDE8F08F202000F0BCFB99
:103F800030B1202000F0B2FB162001B0BDE8F08F68
:103F90004FF4007000F0B0FB38B14FF4007000F047
:103FA000A5FB172001B0BDE8F08F4FF4001000F022
:103FB000A3FB50B1043C00F04DFB44F8040F4FF458
:103FC000001000F099FB0028F5D14FF4807000F04C
:103FD00093FBB8B140F23010C2F200000078022822
:103FE00010D80C200021402200F0EEFA002000F052
:103FF000E5FB00F005FB0C20FEF7D6F81D28054672
:104000007FF4FCAE40F2FF70C0F2C00000F06EFB27
:10401000284601B0BDE8F08F2DE9F04F83B004468B
:104020000020002C8DF80B0001907DD040F2680B31
:104030000D46C2F2000B1D2147F2047947F2007AC7
:1040400017468BF80010C2F20009C2F2000A0021E4
:1040500000221E46C9F80000CAF8000000F0DAFA93
:104060000020002100F0FCFA00F02CFB00F016FB11
:10407000002000F083FB800117D440F23010C2F220
:10408000000000780022022804BF4FF400776D0A78
:10409000791E88B2B2EBD02F4FF0190008BF11EA99
:1040A000070106D003B0BDE8F08F062003B0BDE8DD
:1040B000F08F0020012F09D0394600BFC1F34E0117
:1040C000012900F10100F9D10001C0B200901020D7
:1040D0003946402200F078FA002000F06FFB00F033
:1040E0008FFA1020FEF760F81D28DBD147F2C06878
:1040F000C2F20008B8F80000402201040D2000F0D0
:1041000063FA002000F05AFB00F07AFA0D20FEF767
:104110004BF81D28C6D1022EC0F09F803046774351
:104120000020B0EB576F03D0192003B0BDE8F08F2B
:1041300040F23010C2F20000007802281FD8B8F810
:10414000000040220104372000F03EFA002000F079
:1041500035FB00F055FA3720FEF726F81D28A1D1CF
:1041600017203146402200F02FFA002000F026FBF5
:1041700000F046FA1720FEF717F81D2892D11920F3
:104180002946402200F020FA002000F017FB00F042
:1041900037FA1920FEF708F81D287FF483AF47F29D
:1041A000FC60C2F200000121009A01704FF0FF3064
:1041B0003946CAF8007000F02DFA0020002100F006
:1041C0004FFA00F089FA40F26C00C2F20000006879
:1041D000A0B10128A8D140F21A3000F08DFA0028D1
:1041E0005ED0022000F088FA002800F08B800220C8
:1041F00000F07CFA122003B0BDE8F08F40F21A30D4
:1042000000F098FA00F054FA2046FBF7DDFD40F686
:10421000405046F20044C0F20300C4F20204019090
:10422000204606212022FBF7AFFC70B9019860B14F
:10423000019801380190019800284FF01C00EFD13F
:1042400030E79BF800001D2803D1D9F800000028B2
:10425000F7D09BF800001D285FD140F2FF70C0F23C
:10426000C00000F043FA0DF10B00FFF70BFA1D2818
:104270007FF418AF9DF80B1001F0FE0106297FF4C2
:1042800011AF0DF10B042046FFF7FCF91D287FF458
:1042900009AF9DF80B1001F0FE010629F3D001E7EC
:1042A00000254FF0010805E040F21A3000F024FA32
:1042B000002896D14FF4804000F01EFA0028F3D079
:1042C000DAF80000401B202811D28708810718BFA8
:1042D00008EB9007002FE7D0BE00043C54F8040F11
:1042E00000F0CAF9013FF9D135440434DCE7002677
:1042F00054F8260000F0C0F90136082EF8D1203419
:104300002035D1E7082000F0F7F958B1082000F077
:10431000EDF9142003B0BDE8F08F9BF8000003B066
:10432000BDE8F08F102000F0E7F930B1102000F068
:10433000DDF9152003B0BDE8F08F4FF4007000F0F8
:10434000DBF938B14FF4007000F0D0F9172003B05A
:10435000BDE8F08F4FF4807000F0CEF9B0B140F2BC
:104360003010C2F20000007802280FD80C20002183
:10437000402200F029F9002000F020FA00F040F976
:104380000C20FDF711FF1D287FF48CAE40F2FF706A
:10439000C0F2C00000F0AAF95FE700002DE9F04785
:1043A000002000210022762300F0E0F8002000F039
:1043B000D1F800F0ABF9032000F0DAF900F0F2F8E0
:1043C00000200021002200F0FFF8002000F0F6F9A4
:1043D00000F016F947F65F14CFF6FE74802000F067
:1043E0008BF904F1010408B9002CF7D14CB140F26B
:1043F000FF70C0F2C00000F079F91D2024B9BDE8BB
:10440000F0871320002CFAD0064642F634450820E7
:104410004FF4D5714022C4F2010500F0D5F8002018
:1044200000F0CCF900F0ECF84DF6EF01CFF6FF719B
:104430002868013110F0450F01D10029F8D1420759
:1044400012D489B140F2000A4006C8F2100A12D50F
:10445000402000F04BF940F23010C2F20000012180
:104460000AF1804A017006E040F2000A0420C8F216
:10447000100A00F03BF937200021402200F0A4F898
:10448000002000F09BF900F0BBF83720FDF78CFE10
:104490001D283046B3D140F2FF790021C0F2C00997
:1044A0004FF6FE780F4637200021402200F08CF8AE
:1044B000002000F083F900F0A3F83720FDF774FE28
:1044C0001D289CD129205146402200F07DF8002073
:1044D00000F074F900F094F82E6816F0450FFBD048
:1044E000484616F0040418BF042000F0FFF80CBB87
:1044F000002000F043F9002803D4474507F10101EB
:10450000D0D3014670074FF013004FF6FD7258BF2D
:104510001D20974284BF1820BDE8F087490058BF8E
:10452000BDE8F08740F23011C2F2000102220A70A9
:10453000BDE8F0871320BDE8F087000001288FBF99
:10454000192040F26C01C2F20001086098BF1D20E2
:104550007047000042F60441C4F201010A6822F4E7
:10456000C0520A600A6810430860704710B542F6EE
:10457000044CC4F2010CDCF800E04DF60014C7F660
:10458000FF7404EA0E040843FF2B84BFA3F5807375
:1045900004F10044104399B208432043CCF80000D2
:1045A00010BD000042F60440C4F20100016841F46D
:1045B000807101607047000042F61040C4F20100B3
:1045C0000068C0B27047000080B542F60C4EC4F2DD
:1045D000010EDEF800C010432CF48063CEF80030EA
:1045E0005EF8043C00234EF8043C4EF8041CDEF850
:1045F000001021F0FF010843CEF8000080BD00004C
:1046000042F60C40C4F20100016841F4806101608F
:104610007047000042F62C4CC4F2010C5CF8083CD8
:1046200000234CF8083C5CF8043C03F07E434CF853
:10463000043CDCF8003023F0F003CCF800304CF8F8
:10464000080C4CF8041CDCF800001043CCF8000007
:104650007047000042F68040C4F2010000687047D5
:1046600042F62C42C4F201021368084323F0060309
:10467000184310607047000042F68041C4F2010107
:104680000860704780B540F60B10FDF785FF40F6D7
:104690000B10BDE88040FDF76FBF000042F62C40D4
:1046A000C4F20100016821F00801016070470000B8
:1046B00042F62C40C4F20100016841F0080101609B
:1046C0007047000042F62C40C4F20100016821F05E
:1046D000010101607047000042F62C40C4F2010065
:1046E000016841F0010101607047000042F6384165
:1046F000C4F201010860704742F63441C4F201017E
:104700000968084018BF01207047000042F60440C5
:10471000C4F20100016821F480410160704700008B
:1047200042F63C41C4F201010A6822EA0000086036
:104730007047000042F63C41C4F201010A68104390
:104740000860704742F63841C4F2010108607047C2
:1047500042F63441C4F201010968084018BF012043
:104760007047000042F60040C4F201000068704744
:1047700042F60041C4F2010108607047032884BF7B
:1047800000207047DFE800F00214080E42F61440E3
:10479000C4F201000068704742F61440C4F2010000
:1047A0008068704742F61440C4F20100C068704748
:1047B00042F61440C4F201004068704742F60C41D2
:1047C000C4F201010A6822F440720A600A681043C8
:1047D0000860704742686FF00103002908BF6FF05E
:1047E000020302EA030141607047000042680123AE
:1047F000002908BF022342EA03014160704700001C
:10480000016841F04001016070470000F0B581B0DF
:104810000025C4F202050F46064628464FF4004123
:104820001446FCF75DF9032000F0B8F8C7F3074021
:1048300000F0B4F8C7F3072000F0B0F8F8B200F0C9
:10484000ADF84CB1013E00BFA520013C00F0A6F838
:10485000210406F8010FF7D128464FF4004101B0BA
:10486000BDE8F040FCF73EB910B543F20004C4F2D5
:10487000010404F550404FF40041FCF733F92046A1
:10488000BDE81040FFF7BCBFF0B581B00024C4F212
:1048900002040F46064620464FF400411546FCF739
:1048A0001FF9062000F07AF820464FF40041FCF78B
:1048B00019F920464FF40041FCF712F9022000F0EC
:1048C0006DF8C7F3074000F069F8C7F3072000F060
:1048D00065F8F8B200F062F83DB1013E16F8010F3C
:1048E000013D00F05BF82804F8D120464FF4004168
:1048F000FCF7F8F820464FF40041FCF7F1F80520EA
:1049000000F04CF8A52000F049F8C007FAD1204685
:104910004FF4004101B0BDE8F040FCF7E3B80000FF
:10492000B0B50024C4F20204054620464FF400410D
:10493000FCF7D6F8062000F031F820464FF400418D
:10494000FCF7D0F820464FF40041FCF7C9F82020CE
:1049500000F024F8C5F3074000F020F8C5F3072065
:1049600000F01CF8E8B200F019F820464FF40041BE
:10497000FCF7B8F820464FF40041FCF7B1F80520E9
:1049800000F00CF8A52000F009F8C007FAD1204685
:104990004FF40041BDE8B040FCF7A4B82DE9F04168
:1049A0008AB046F2004447F2D865C4F20204C2F26B
:1049B0000005287020460321FBF7A2F8A4F59830E3
:1049C000A0F57D76402003950790012001AD0027DA
:1049D0004FF40038089002900690204603212A46A2
:1049E00001960597CDF824800497FBF79DF92046A2
:1049F00003210322FBF764F820460221FBF780F82D
:104A0000019647F2CC66C2F20006204602212A46F1
:104A100003960797CDF82480FBF786F920460221FC
:104A20000322FBF74DF820460221FBF73FF8204612
:104A30000321FBF73BF8A4F59A3528460121FFF73F
:104A4000D5FE28460021FFF7D1FE00BF20460221F7
:104A50002022FBF799F80028F8D028460121FFF71B
:104A6000B9FE28460021FFF7B5FE20460221FBF7DC
:104A700013F820460321FBF70FF8204602212022DD
:104A8000FBF766F8204603212022FBF761F8307817
:104A90000AB0BDE8F08100002DE9F04389B046F28C
:104AA0000045C4F20205A5F5A848064640464FF465
:104AB0008061FCF715F847F2F064C2F2000470BAA6
:104AC0002080284601210126FBF71AF8A5F596302B
:104AD000A0F57D77402006900220019605966E464F
:104AE000029400244FF400390790284601213246F1
:104AF00000970494CDF820900394FBF715F928460D
:104B000001210422FAF7DCFF28460021FAF7F8FF1A
:104B1000009747F2E467C2F20007284600213246B8
:104B200002970694CDF82090FBF7FEF82846002166
:104B30000422FAF7C5FF28460021FAF7B7FF2846F6
:104B40000121FAF7B3FFA5F5983630460121FFF7AA
:104B50004DFE30460021FFF749FE00BF28460021E8
:104B60002022FBF711F80028F8D030460121FFF78A
:104B700031FE30460021FFF72DFE28460021FAF7CE
:104B80008BFF28460121FAF787FF284600212022C3
:104B9000FAF7DEFF284601212022FAF7D9FF3888EC
:104BA0004FF4806100BA050C4046FBF79BFF284696
:104BB00009B0BDE8F083000070B50268D1E902E4F5
:104BC00002F4415CD1E90032D1E9045643EA0C0316
:104BD0001A4342EA0E02224389692A4332431143AF
:104BE0000160C16921F40061C16170BD2DE9F04728
:104BF000804658F82C7F04466FB3207958B360780C
:104C000004F1300A51463A4601234FF00109FAF700
:104C100023FF4FF0000618B116BB4846BDE8F087E9
:104C2000D4E9070126710844874214D2E578022DA1
:104C300011D30126E16960780F4451463A460123B9
:104C4000FAF70AFF013DE8B20128F3D84FF0000956
:104C5000002EE2D004E04FF000090126002EDCD047
:104C60002078032828D1607930B340464FF4017191
:104C7000F8F716FB45F25220C4F26110254645F8BC
:104C8000300F4AF65520A5F8FE0147F27220C6F211
:104C90004110C5F8E40155E9091055F81C2CC5F878
:104CA000E80115F82F0CC5F8EC1129460123FAF795
:104CB000D3FE002005F82B0C607800210022FAF7C3
:104CC000A5FE002818BF4FF001094846BDE8F0874F
:104CD00040F20000C2F20000006844F6D351C1F275
:104CE0006201A0FB01014FF0FF3000EB9110B0F129
:104CF000807F11D24EF21001CEF2000148604EF6D4
:104D00002350CEF20000F0220270002207238A60B6
:104D10000B600270704700BFFEE700002DE9F04312
:104D2000ADF5017D41F20008C4F201086EA14046D4
:104D3000FCF7B6F908F5704528464FF40041FBF73B
:104D4000D1FE08F50050FFF75BFD6DA14046FCF772
:104D5000A7F928464FF40041FBF7C2FE9F20FFF75A
:104D60001DFEA520FFF71AFE0646A520FFF716FE3A
:104D70000746A520FFF712FE044628464FF40041DF
:104D8000FBF7B0FE380240EA0640021963A1404634
:104D9000FCF786F966A1404600220024FCF780F962
:104DA0000020FFF7BDFD6CA14046FCF779F901AD8D
:104DB000284600214FF48072FFF728FD47F2D330D8
:104DC00047F2E931C0F60100C0F601012A5DFF2A71
:104DD00004D10134B4F5807FF8D100E001464046AB
:104DE000FCF75EF90DF5827909F13E00C221F8F772
:104DF00057FA47F2A440C0F6010090E88E00D0E9CF
:104E0000046441AD8EC500F12007D0E906CECDE99E
:104E100045648ECFD0E90C64856B808F4991ADF8E5
:104E20004001002047F274314B934A928DF84201C1
:104E3000C0F60101404600224B464C97CDE947CED3
:104E4000CDE94D644F95FCF72BF9484600214FF40E
:104E50008072FFF719FD09F580704FF48071002210
:104E6000FFF712FD41A14046FCF71AF947F2AE31B7
:104E7000C0F6010140460022FCF712F901AC2046C1
:104E80004FF48071F8F70CFA204600214FF480723D
:104E9000FFF7BCFC47F29A31C0F6010140464FF4DF
:104EA00080722346FCF7FCF8484621464FF4807296
:104EB000F8F708FA47F2583147F21342C0F60101F9
:104EC00000284046C0F6010208BF1146FCF7E8F88A
:104ED00047F23F41C0F601014046FCF7E1F80DF50D
:104EE000017DBDE8F08300BF53504920464C41533B
:104EF0004820546573742053746172740D0A000065
:104F000053504920466C61736820496E6974696129
:104F10006C697A65642E0D0A00000000466C6173AE
:104F2000682049443A203078256C580D0A0000006A
:104F300045726173696E6720736563746F72206177
:104F4000742061646472657373203078256C582E08
:104F50002E2E0D0A00000000536563746F722065E9
:104F600072617365642E0D0A000000004461746173
:104F7000207772697474656E2E0D0A00F0B581B0E9
:104F800040F23415C2F20005287841F20004C4F260
:104F90000104B0B140F23856C2F20006328847F23E
:104FA0004631C0F601012046FCF77AF840F238306D
:104FB000C2F200004FF40071F8F772F9002030805F
:104FC000287004F5A8300121FAF760FF41F260264D
:104FD000C2F200063768C0F50064BC4234D0054612
:104FE00000F0F4F90146326840F64420C2F20000B5
:104FF000BC42104406D90029A4EB020121D000F0E4
:10500000EFF920E00029C2F5006105D000F0E8F9D1
:10501000B5F5006F05D116E0FCF708FBB5F5006F9C
:1050200011D000F0D3F938B140F64420C2F20000AC
:10503000214600F0D5F906E040F64420C2F2000017
:105040002146FCF7F3FA346000F0C0F920B101B05A
:10505000BDE8F04000F058BD01B0BDE8F040FCF7FD
:1050600033BB000070B5FCF7C9FFFCF7C1FF44F685
:10507000D351C1F26201A0FB011244F24021C0F2FF
:105080000F01884240F2800100EE100A4FF000004C
:10509000C2F200019FED1D1A38BF01204876B8EE1C
:1050A000400A487E80EE012A81EE000A9FED181A20
:1050B000002808BFB0EE420A20EE010AB6EE001A40
:1050C00030EE010ABDEEC00A900940F61426002316
:1050D00081ED040A4861EFF3108572B6C2F2000652
:1050E0003360FBF773FCBFF34F8FBFF36F8F00BFCD
:1050F000BFF34F8F0446BFF36F8FFBF767FC316838
:105100002144401A306085F3108870BD0024744932
:1051100000008047B0B5044647F2FF70C4F20000BB
:105120000D4684424FF000000EDC44F6FF31C4F21D
:1051300000018C4217DC44F20041C4F200018C42B1
:105140001DD044F6000116E040F6FF71C4F20101E3
:105150008C422FDC47F60001C4F200018C420ED0D5
:1051600047F6004107E044F60041C4F200018C42DA
:1051700005D045F20001C4F200018C4203D10221A6
:105180000846FDF799F8E168090406D400EB5500DC
:10519000B0FBF5F080B2A060B0BD400000EB550060
:1051A000B0FBF5F04FF6F0710140C0F34200084447
:1051B000A060B0BD41F20001C4F201018C424FF089
:1051C0000301DDD041F20042C4F201029442D7D083
:1051D000D9E7000040686FF35F2070476FF35F21ED
:1051E0004160704710B547F2FF71C4F20001884278
:1051F00014DC44F6FF31C4F20001884224DC44F29E
:105200000041C4F2000188423CD044F60001C4F2DF
:105210000001884249D140F612043EE040F6FF7199
:10522000C4F2010188421EDC47F60001C4F200010D
:1052300088422AD047F60041C4F20001884218BFD4
:1052400010BD40F61F0428E044F60041C4F20001FE
:1052500088421DD045F20001C4F20001884224D1E9
:1052600040F6140419E041F20001C4F20101884241
:1052700011D041F20041C4F20101884215D140F63B
:1052800005140AE040F6110407E040F61E0404E0AD
:1052900040F6130401E040F604142046FDF77CF9C3
:1052A0002046BDE81040FDF767B910BD426901F026
:1052B000400122F04002426142691143416170475E
:1052C000C16841F40051C160704700008A0910585C
:1052D00001F01F01C84000F00100704701F01F02FB
:1052E00089094FF0010C0B580CFA02F21A430A50CC
:1052F00070470000C1F3891252F800C08A0D10589F
:1053000001F01F03C1F30441C8402CFA03F1084027
:1053100000F0010070470000C26822F0040211434F
:10532000C1607047C26822F008021143C160704733
:10533000B0B544F60005C4F200050446284618211D
:10534000FFF74CFF28460721FFF7C0FF0028F9D0E0
:1053500028460621FFF7BAFF0028F9D02846182171
:10536000FFF73CFF28460721FFF7B0FF0028F9D0E0
:1053700028460621FFF7AAFF0028F9D005F5484086
:105380000DA12246FBF78CFE47F27424C2F2000402
:10539000204640F22C41F7F783FF012084F82804CF
:1053A0004FF0FF30C4F81C04FBF710FBFCF7B4FD12
:1053B000C4F82004B0BD00BF594D4F44454D3A20BC
:1053C00061626F72742025730D0A000047F2742029
:1053D000C2F200000078002818BF012070470000CA
:1053E000002808BF70472DE9F04FC5B047F2742A76
:1053F000C2F2000A04469AF80000002800F03D833B
:105400008946002900F0398344F6000705A848F2D0
:10541000203BC4F200070830CEF6B85B41F2210809
:1054200000250290CDE903949AF80010605D01F028
:10543000FD02012A16D1411E012949D84FF480618D
:10544000012808BF80214A1D01238AF8010002209B
:10545000CAF80834CAF80C24CAF810148AF80000F4
:105460004AE200BF022940F04782DAF808144A1CD9
:105470005144CAF808244870DAF80804DAF80C1421
:105480008842C0F039829AF802609AF803309AF89C
:105490002AE43344BEF1000F4FF00302DBB208BF31
:1054A0000122FF2B8AF8002000F0A5803846152144
:1054B000FFF794FE38460721FFF708FF0028F9D0D0
:1054C00038460621FFF702FF0028F9D014E200BF9A
:1054D000182800F08D80042840F00E829AF82904E4
:1054E000002800F0A88038460621FFF777FE00BFAD
:1054F00038460721FFF7EAFE0028F9D03846062192
:10550000FFF7E4FE0028F9D038464321FFF766FE96
:1055100038460721FFF7DAFE0028F9D03846062181
:10552000FFF7D4FE0028F9D0DAF81464DAF818048A
:10553000B0424FF003008AF8000040F090804CF237
:10554000000441F26420C0F60004DAF81C94C2F2B0
:10555000000021464FF48052F7F789FE05A8214646
:105560004FF48072F7F783FE45F2000347F2001014
:1055700047F2041147F2FC14C0F60403CFF6FC70A6
:10558000CFF6FC71CFF6FC7418585958059A1C597F
:105590004CF23C33C5F6A5239A420BD1449A4CF207
:1055A000C333CAF2A5539A4204D1069AB2F1011F3D
:1055B00000F035814CF23C32C5F6A522904240F015
:1055C000FE804CF2C332CAF2A552944240F0F780FA
:1055D000B1F1011F40F0F380CDE9050102984CF2D2
:1055E0000811C0F60001F422F7F741FE449416E1D9
:1055F0000FF2D4407EE1DAF8109409EB0A02B2F817
:1056000004C0B9F1000F2DD0002400200AEB0402E1
:10561000127980EA0220002201B24300002948BF2B
:1056200088EA40031846072A02F10102F4D3013444
:105630004C45EBD117E001208AF8290438461521A2
:10564000FFF7CCFD38460721FFF740FE0028F9D0D0
:1056500038460621FFF73AFE0028F9D04CE10FF258
:10566000704047E100209CFA9CF180B2814262D1F7
:10567000002E74D09AF828148E4240F08880DAF810
:105680001414DAF8180481422FD9091A494538BF91
:10569000894645F20001C0F6040108440AF10401FC
:1056A0004A4600F074FA002800F06C81DAF81C0415
:1056B000B9F1000F11D000210AEB0102127950401C
:1056C000082200BF8BEA5003C40708BF4308013A11
:1056D0001846F7D101314945EED1DAF81814CAF865
:1056E0001C0401EB0900CAF818049AF828040621E2
:1056F00001308AF828043846FFF770FD3846072144
:10570000FFF7E4FD0028F9D0DDE9039438460621CF
:10571000FFF7DCFD0028F9D0DAF81824DAF81434A1
:10572000100518BF9A4240F0E78007F54840D7A11E
:10573000FBF7B6FCE0E038461521FFF74FFD00BF50
:1057400038460721FFF7C2FD0028F9D0DDE90394B0
:1057500038460621FFF7BAFD0028F9D0CCE0BEF1AB
:10576000000F00F0E68038460621FFF737FD00BF46
:1057700038460721FFF7AAFD0028F9D0DDE9039498
:1057800038460621FFF7A2FD0028F9D0B4E0481EF4
:10579000C0B2864240F0BA8038460621FFF71EFDAF
:1057A000DDE9039438460721FFF790FD0028F9D082
:1057B00038460621FFF78AFD0028F9D09CE005A8AD
:1057C0004FF48071F7F76CFD45F20002C0F6040259
:1057D0004CF23C30A2F56031C5F6A520CDE90A12A5
:1057E0004CF2C33105904FF00110CAF2A55106905A
:1057F000002044914FF0FF31079000BF05AA125CD2
:10580000514008220B468BEA5101DC0708BF5908BA
:10581000013AF7D10130F828F0D1C843439045F25E
:1058200000016FEA0900C0F604010090CDE90860AC
:10583000A1F56030CDE90A014AF65520CAF6552097
:10584000079000204FF0FF3105AE0E90325C5140C2
:10585000082200BF0B468BEA5101DC0708BF59083C
:10586000013AF7D10130F828F0D1C843059941F247
:105870006429C2F200090191069C3146449E43907E
:1058800048464FF48072F7F7F2FC01980299C9E993
:10589000400409F58470F422F7F7E9FC45F20000B2
:1058A000C0F60400A0F5643420464FF48051C9F8D6
:1058B000FC6100F071F9D0B1204649464FF48052A6
:1058C00000F065F9DDE9039498B1DAF81424009B3F
:1058D00007F5484083A1FBF7E3FB01208AF82A047F
:1058E000FBF774F8FCF718FBCAF8240404E0DDE9C0
:1058F00003947AA0FFF71CFD9AF80000002800F03E
:10590000BC8001354D457FF48FADB6E0384615219A
:10591000FFF764FCDDE9039438460721FFF7D6FC66
:105920000028F9D038460621FFF7D0FC0028F9D02E
:10593000E2E7B9F1000F2BD09AF8040040B3A9F1C7
:10594000010200218A4248D0013101EB0A000379AB
:10595000002BF7D1494540D210F8051FDDE903942B
:10596000A1F13002092A4FF0000239D802EB82027D
:1059700001EB420210F8011F303AA1F130030A2B6B
:10598000F4D32DE03FA0FFF7D3FCDDE90394B3E7A8
:1059900038460621FFF722FCDDE90394384607214B
:1059A000FFF794FC0028F9D038460621FFF78EFC5B
:1059B0000028F9D0504640F22C41F7F771FC012045
:1059C0008AF828044FF0FF30CAF81C04FAF7FEFFEB
:1059D000FCF7A2FACAF820048EE7DDE9039400225E
:1059E0006FF46030104410F5603FCAF8142401D2FF
:1059F00032A07FE701208AF828040020CAF81804A2
:105A00004FF0FF30CAF81C0407F5484023A1FBF70C
:105A100047FB38460621FFF7E1FB00BF3846072168
:105A2000FFF754FC0028F9D038460621FFF74EFC5A
:105A30000028F9D0DAF8140440F6FF7100F6FF7080
:105A400020EA010145F20000C0F6040000F0A4F8CD
:105A500088B138464321FFF7C1FB00BF3846072114
:105A6000FFF734FC0028F9D038460621FFF72EFC5A
:105A70000028F9D040E70FA03CE745B0BDE8F04F63
:105A8000704700BF7772697465000000594D4F443C
:105A9000454D3A2025752F25750D0A00594D4F4467
:105AA000454D3A20626567696E2073697A653D25C8
:105AB000750D0A0065726173650000006261642003
:105AC00073697A650000000063616E63656C0000B5
:105AD000696E636F6D706C657465000070617261F2
:105AE0006D000000594D4F44454D3A20646F6E657E
:105AF0002073697A653D2575206372633D30782592
:105B00003038580D0A000000B0B547F27425C2F2D3
:105B10000005287880B3FAF759FFFCF7FDF995F8EE
:105B20002A1441B1D5F82414401A40F6B8318842FD
:105B300022D3F8F7A7FB297801291DD1D5F8201425
:105B4000411AB1F57A7F38BFB0BD44F60004C4F203
:105B50000004C5F8200420464321FFF73FFB00BFA7
:105B600020460721FFF7B2FB0028F9D02046062186
:105B7000FFF7ACFB0028F9D0B0BD49F6411CC2F2DA
:105B8000000C604749F6D51CC2F2000C604749F68C
:105B9000710CC2F2000C604749F6110CC2F2000C05
:105BA000604700007CB50C001D461646014601D03A
:105BB000601E00E00020CDE90010064B6A46294631
:105BC000304600F0DBF8002C02D0009A0021117062
:105BD0007CBD0000AB64010802E008C8121F08C1C8
:105BE000002AFAD170477047002001E001C1121F5E
:105BF000002AFBD1704700002DE9FF5F82B0002131
:105C0000DDE90430020DDDF840B0034318D044F65E
:105C10001050A2F2FF3242431514119801281FD0F0
:105C2000A5EB0B00401C5FEA000A4FF000064E4F48
:105C3000DFF83891B046504615D5CAF1000413E09C
:105C4000119801244AA3012801D16FEA0B0102989F
:105C5000119AC0E90031C0E9024206B0BDE8F09FE8
:105C6000CBF10000DFE704460021404A491842EB2F
:105C70000450CDE9001012E0E00707D032463B4661
:105C800040464946F7F741FC8046894632463B4646
:105C900010461946F7F739FC06460F466410002CEB
:105CA000EAD1DDE90401DDE90023BAF1000F06DAEB
:105CB000F7F72BFC42464B46F7F727FC05E0F7F7D2
:105CC00096FC42464B46F7F792FC04460E460022ED
:105CD000284BF7F713FD03D84FF0FF30014607E0DC
:105CE0000022254B20463146F7F768FBF7F7EEFC1C
:105CF000102409E0002C0ADB0A220023F7F72DFB11
:105D0000039B30321A55641E50EA0102F2D1641C22
:105D1000039AC4F111031444119A012A03D00122F9
:105D200008430DD10AE0084304D000204FF0110BC6
:105D3000119072E7A3EB0B056D1E0DE05B4504DDD2
:105D40004FF0000205F1010504E003DA4FF0000214
:105D5000A5F10105002AECD002981199C0E90231A1
:105D6000C0E9004579E70000000014400000F03F62
:105D7000300000000000F0430000E03F2DE9FF4F3D
:105D800095B09B468946064600250FE2252877D127
:105D900000242746F84A0121059400E0044316F840
:105DA000013F203B01FA03F01042F7D130782A2856
:105DB00011D06FF02F033078A0F13002092A16D8E5
:105DC000059A44F0020402EB820203EB4202104403
:105DD000761C0590EFE759F8042B0592002A03DAA8
:105DE000504244F40054059044F00204761C30788C
:105DF0002E2816D116F8010F44F004042A280DD0DD
:105E00006FF02F023078A0F13003092B09D807EB8F
:105E1000870302EB4303C718761CF3E759F8047BAA
:105E2000761C30786C280FD006DC4C2817D06828F8
:105E30000DD06A2814D104E0742810D07A280FD12C
:105E40000DE044F400140AE044F4801401E044F44A
:105E500040147278824202D104F58014761C761CBC
:105E6000307866280BD013DC582877D009DC00285E
:105E700075D04528F6D04628F4D047281AD19DE1A0
:105E800018E0632835D0642879D0652812D195E1CF
:105E9000702873D008DC6728F1D069286FD06E288D
:105EA0000DD06F2806D1B5E073282CD0752875D099
:105EB000782874D05A46179990476D1C75E1C4F341
:105EC0000250022809D003280DD0D9F80010042868
:105ED0000DD00D6009F1040967E1D9F80010EA1747
:105EE000C1E90052F6E7D9F800100D80F2E70D7015
:105EF000F0E719F8041B8DF8001000208DF8010060
:105F0000EA46012003E059F804AB4FF0FF30610787
:105F10004FF0000102D40DE008F101018846B942BA
:105F20000FDA8045F8DB1AF808100029F4D108E0F0
:105F300008F1010188468142FADB1AF808100029AD
:105F4000F6D105985B46A0EB080721463846179A1C
:105F500000F094FA284400EB080507E04DE029E141
:105F60000DE01AF8010B5A4617999047B8F101084D
:105F7000F7D25B4621463846179A13E142E00A22DF
:105F80000092C4F302524FF0000A022A08D059F8D6
:105F900004CB032A4FEAEC710AD00DE029E02AE095
:105FA00009F1070121F00702F2E802C1914609E078
:105FB0000FFA8CFC4FEAEC71042A03D14FFA8CFCE7
:105FC0004FEAEC71002907DA0A460021DCF1000CE7
:105FD00061EB02012D2202E0220504D52B228DF86F
:105FE0000420012203E0E20701D02022F7E79046D7
:105FF00059E00A2102E010220DE010214FF0000AC2
:1060000000910BE010224FF0000A44F0040408272E
:10601000009203E008224FF0000A0092C4F30252FB
:10602000022A05D059F804CB0021032A08D009E040
:1060300009F1070121F00702F2E802C1914605E0EB
:106040001FFA8CFC042A01D10CF0FF0C4FF0000861
:10605000220728D5702806D0009B83F0100353EA4E
:106060000A0305D00EE040228DF80420012208E04A
:106070005CEA010206D030228DF804208DF805007C
:1060800002229046009B83F0080353EA0A030AD1D8
:106090005CEA010201D1620705D530228DF80420A7
:1060A0004FF001087F1E582804D034A003900EA89A
:1060B00002900DE036A0F9E753466046009AF7F7E4
:1060C0004CF984460398825C0298401E029002704C
:1060D0005CEA0100F0D1029806A9081A00F1200A32
:1060E000600702D524F4803400E00127574502DD23
:1060F000A7EB0A0000E0002000EB0A0100900598E1
:106100004144401A0590E00306D45B462146179AA5
:10611000059800F0B3F90544002706E001A85A46A7
:10612000C05D179990476D1C7F1C4745F6DBE00367
:106130000CD55B462146179A059800F09FF9054457
:1061400004E030205A46179990476D1C0099481E6C
:1061500000900029F5DC08E0029802995A46007880
:10616000491C0291179990476D1CBAF10001AAF1E0
:10617000010AF1DC65E10000092801003031323309
:106180003435363738396162636465660000000073
:10619000303132333435363738394142434445465D
:1061A0000000000000F058F90544761C3078002803
:1061B0007FF4ECAD19B02846BDE8F08F620700D43B
:1061C000062709F1070222F0070CFCE80223E1464A
:1061D00003F000485FEA080C02D00FF2702C0DE0CB
:1061E0005FEA045C02D50FF2682C07E05FEAC47C2A
:1061F00002D00FF2602C01E0AFF2700C4FF0FF38CC
:1062000023F00043CDF850C065280CD006DC4528AB
:1062100009D046281DD047283DD13DE0662818D03A
:1062200067287ED138E00021112F01DB112000E02A
:10623000781CCDE9000106A90EA8FFF7DDFCDDE919
:106240000F010E9A03910021009207F1010A0491B7
:106250004DE04FF000400097CDE9011006A90EA8CF
:10626000FFF7CAFCDDE90F0203920E9B1199002291
:10627000DDF80CA00093049211B9791C00EB010A1F
:10628000B7EB0A0004D4C0F1FF3007F1010A049013
:10629000AAEB0700019044E0012F00DA012700215A
:1062A000112F01DD112000E03846CDE9000106A9DB
:1062B0000EA8FFF7A1FCDDE90F010E9A0391002162
:1062C00004910092BA4621070CD40399514500DA93
:1062D0008A46BAF1010F05DD009AAAF10101515C6D
:1062E000302908D0B84202DA10F1040F06DA012191
:1062F000CDE9011015E0AAF10101E9E7002805DC6C
:10630000049901440491AAEB000102E0411C5145AB
:1063100000DD8A460499401A401C01904FF000406D
:106320000290200704D40198504501DBCDF8048089
:1063300000208DF84F0002980DF14F07B0F1004F8B
:1063400025D02B200E9002984FF0020800280CDA7E
:10635000404202902D200E9007E00A210298F6F7A5
:10636000E6FF3031029007F8011DB8F10001A8F1F5
:106370000108F2DC02980028EFD1791E0E9808700F
:10638000307800F0200040F0450007F8020D12A818
:10639000C01B00F107081498007800B1012000EB41
:1063A0000A01019801EBE07105984144401A401E32
:1063B0000590E00306D45B462146179A059800F045
:1063C0005DF805441498007818B15A46179990471B
:1063D0006D1CE00324D55B462146179A059800F012
:1063E0004DF805441CE00498002807DBDDE90301B3
:1063F000884203DD0098405C179901E0179930202E
:106400005A469047049805F10105401C04900198F4
:10641000401E019004D12E205A46179990476D1CBA
:10642000BAF10001AAF1010ADDDC05E017F8010B61
:106430005A46179990476D1CB8F10001A8F1010860
:10644000F4DC5B462146179A0598ABE62D00000068
:106450002B000000200000002DE9F041044600253B
:106460001E461746880404D405E039462020B0476C
:106470006D1C641EF9D52846BDE8F0812DE9F04178
:10648000044600251E469046C80301D5302700E08B
:106490002027880404D505E041463846B0476D1CE6
:1064A000641EF9D52846BDE8F0814A68002A06D066
:1064B0000A68531C0B6010704868401E48607047A3
:1064C0007000002071000020720000207300002086
:1064D0007400002075000020000000000000000093
:1064E000002F000000000700070000147F147F1435
:1064F00000242A7F2A1200626408132300364955BB
:10650000225000000503000000001C224100000092
:1065100041221C000014083E08140008083E080828
:10652000000000A060000008080808080000606083
:106530000000002010080402003E5149453E0000C2
:10654000427F4000004261514946002141454B31A4
:10655000001814127F10002745454539003C4A4970
:1065600049300001710905030036494949360006E2
:106570004949291E0000363600000000563600004A
:1065800000081422410000141414141400004122C5
:10659000140800020151090600324959513E007C9D
:1065A0001211127C007F49494936003E4141412287
:1065B000007F4141221C007F49494941007F090970
:1065C0000901003E4149497A007F0808087F000020
:1065D000417F4100002040413F01007F08142241DB
:1065E000007F40404040007F020C027F007F040893
:1065F000107F003E4141413E007F09090906003EEF
:106600004151215E007F0919294600464949493117
:106610000001017F0101003F4040403F001F20403A
:10662000201F003F4038403F0063140814630007F8
:106630000870080700615149454300007F4141004F
:1066400000552A552A55000041417F0000040201EF
:1066500002040040404040400000010204000020CD
:1066600054545478007F484444380038444444200B
:1066700000384444487F00385454541800087E09B8
:1066800001020018A4A4A47C007F08040478000080
:10669000447D4000004080847D00007F102844003D
:1066A0000000417F4000007C04180478007C08044E
:1066B000047800384444443800FC2424241800188A
:1066C000242418FC007C0804040800485454542076
:1066D00000043F444020003C4040207C001C2040FF
:1066E000201C003C4030403C004428102844001C42
:1066F000A0A0A07C004464544C441414141414143A
:106700000000000000000000000000000000000089
:10671000000000F80000000000000033300000001E
:1067200000100C06100C0600000000000000000025
:1067300040C07840C0784000043F04043F04040097
:10674000007088FC08300000001820FF211E0000A7
:10675000F008F000E018000000211C031E211E00BC
:1067600000F00888700000001E2123241927211042
:1067700010160E00000000000000000000000000E5
:10678000000000E01804020000000007182040008C
:1067900000020418E000000000402018070000007C
:1067A000404080F0804040000202010F01020200E0
:1067B000000000F0000000000101011F01010100C4
:1067C000000000000000000080B070000000000029
:1067D00000000000000000000001010101010101B2
:1067E0000000000000000000003030000000000049
:1067F000000000008060180400601806010000001E
:1068000000E010080810E000000F102020100F001A
:10681000001010F8000000000020203F20200000A1
:1068200000700808088870000030282422213000F9
:1068300000300888884830000018202020110E0001
:106840000000C02010F8000000070424243F2400AA
:1068500000F80888880808000019212020110E007F
:1068600000E0108888180000000F112020110E0091
:1068700000380808C83808000000003F0000000089
:106880000070880808887000001C222121221C004A
:1068900000E010080810E0000000312222110F0073
:1068A000000000C0C0000000000000303000000008
:1068B0000000008000000000000080600000000078
:1068C0000000804020100800000102040810200091
:1068D00040404040404040000404040404040400DC
:1068E0000008102040800000002010080402010071
:1068F000007048080808F000000000303601000071
:10690000C030C828E810E0000718272423140B0023
:106910000000C038E0000000203C2302022738209D
:1069200008F8888888700000203F202020110E0081
:10693000C030080808083800071820202010080078
:1069400008F808080810E000203F202020100F0061
:1069500008F88888E8081000203F2020232018002D
:1069600008F88888E8081000203F20000300000095
:10697000C03008080838000007182020221E020036
:1069800008F808000008F808203F210101213F20F5
:10699000000808F8080800000020203F2020000020
:1069A00000000808F8080800C08080807F00000010
:1069B00008F888C028180800203F20012638200049
:1069C00008F8080000000000203F202020203000B0
:1069D00008F8F800F8F80800203F003F003F2000CA
:1069E00008F830C00008F808203F200007183F00D2
:1069F000E01008080810E0000F10202020100F0001
:106A000008F808080808F000203F210101010000F3
:106A1000E01008080810E0000F18242438504F0038
:106A200008F8888888887000203F2000030C3020F8
:106A300000708808080838000038202121221C0036
:106A4000180808F8080818000000203F200000007F
:106A500008F808000008F808001F202020201F0068
:106A60000878880000C83808000007380E010000C8
:106A7000F80800F80008F800033C0700073C030092
:106A8000081868808068180820302C03032C3020F8
:106A90000838C800C83808000000203F2000000067
:106AA00010080808C83808002038262120201800BF
:106AB000000000FE020202000000007F4040400093
:106AC000000C30C000000000000000010638C000CB
:106AD00000020202FE000000004040407F00000073
:106AE0000000040202020400000000000000000098
:106AF0000000000000000000808080808080808096
:106B0000000202040000000000000000000000007D
:106B100000008080808000000019242222223F2073
:106B200008F8008080000000003F112020110E00B6
:106B30000000008080800000000E11202020110045
:106B4000000000808088F800000E112020103F20F7
:106B50000000808080800000001F2222222213007B
:106B6000008080F0888888180020203F20200000C6
:106B70000000808080808000006B9494949360007B
:106B800000F8008080808000003F010000003F008E
:106B900000809898000000000020203F2020000086
:106BA000000000809898000000C08080807F000076
:106BB00008F8000080808000203F24022D30200053
:106BC000000808F8000000000020203F20200000FE
:106BD0008080808080808000203F20003F20003F18
:106BE0008080008080800000203F210000203F2026
:106BF0000000808080800000001F202020201F00D7
:106C0000808000808000000080FFA12020110E0005
:106C10000000008080808000000E112020A0FF80F6
:106C2000808080008080800020203F2120000100A3
:106C300000008080808080000033242424241900F8
:106C4000008080E0808000000000001F2020000005
:106C50008080000000808000001F202020103F2046
:106C6000808080000080808000010E3008060100D6
:106C700080800080008080800F300C030C300F007B
:106C800000808000808080000020312E0E312000A6
:106C9000808080000080808080818E7018060100D6
:106CA00000808080808080000021302C22213000F4
:106CB00000000000807C020200000000003F404015
:106CC00000000000FF00000000000000FF000000C6
:106CD0000002027C800000000040403F00000000F5
:106CE0000006010102020404000000000000000090
:106CF00001030507090E10121416181C1E00C70008
:106D0000FC00E900E200E400E000E500E700EA0042
:106D1000EB00E800EF00EE00EC00C400C500C90085
:106D2000E600C600F400F600F200FB00F900FF00E8
:106D3000D600DC00A200A300A500A7209201E1007C
:106D4000ED00F300FA00F100D100AA00BA00BF0084
:106D50001023AC00BD00BC00A100AB00BB0091251E
:106D60009225932502252425612562255625552542
:106D70006325512557255D255C255B2510251425A8
:106D800034252C251C2500253C255E255F255A250C
:106D9000542569256625602550256C2567256825BD
:106DA0006425652559255825522553256B256A25C7
:106DB00018250C25882584258C2590258025B10350
:106DC000DF009303C003A303C303B500C403A603FA
:106DD0009803A903B4031E22C603B5032922612226
:106DE000B1006522642220232123F7004822B0004D
:106DF0001922B7001A227F20B200A025A000809A95
:106E000090418E418F804545454949498E8F9092EA
:106E1000924F994F555559999A9B9C9D9E9F4149D8
:106E20004F55A5A5A6A7A8A9AAABAC21AEAFB0B1F6
:106E3000B2B3B4B5B6B7B8B9BABBBCBDBEBFC0C1BA
:106E4000C2C3C4C5C6C7C8C9CACBCCCDCECFD0D1AA
:106E5000D2D3D4D5D6D7D8D9DADBDCDDDEDFE0E19A
:106E6000E2E3E4E5E6E7E8E9EAEBECEDEEEFF0F18A
:106E7000F2F3F4F5F6F7F8F9FAFBFCFDFEFF00007B
:106E800000000102030446415446535F4C4F4E47F5
:106E90005F4E414D455F4F4B00303A2F70726F6A25
:106EA0006563745F6C6F675F323032365F30345FBA
:106EB00032325F6465766963655F67643332663476
:106EC0003730766574365F626F6172645F615F63ED
:106ED00068616E6E656C5F30315F72756E5F303009
:106EE00030315F646174615F7265636F72645F6C9F
:106EF0006F6E675F6E616D655F64656D6F2E747830
:106F00007400424F4F543A206764333020696E69F1
:106F1000742E2E2E0D0A00424F4F543A20616463A6
:106F200020696E69742E2E2E0D0A00424F4F543A7E
:106F3000206764333020646F6E650D0A00424F4F46
:106F4000543A2073746172740D0A002B2C3B3D5B24
:106F50005D00222A3A3C3E3F7C7F000D0A534420CC
:106F60004361726420496E697469616C697A652055
:106F700053756363657373210D0A0046415446538C
:106F8000206C6F6E672D6E616D65206F70656E2869
:106F90007265616429206661696C656420282564D6
:106FA000290D0A004641544653206C6F6E672D6EC2
:106FB000616D6520636C6F736528777269746529EC
:106FC000206661696C656420282564290D0A0046E5
:106FD00041544653206C6F6E672D6E616D65206F56
:106FE00070656E28777269746529206661696C65C1
:106FF0006420282564290D0A004641544653206C1C
:107000006F6E672D6E616D652072656164206661CB
:10701000696C656420287265733D25642C2062725A
:107020003D2564290D0A004641544653206C6F6E7D
:10703000672D6E616D652077726974652066616980
:107040006C656420287265733D25642C2062773D51
:107050002564290D0A004641544653206C6F6E6723
:107060002D6E616D65206F70656E206661696C655F
:10707000643A2046525F494E56414C49445F4E4166
:107080004D452028656E61626C65204C464E206936
:107090006E206666636F6E662E68290D0A00436176
:1070A000726420547970653A205374616E64617221
:1070B00064204361706163697479205344204361A3
:1070C00072642056322E300D0A00436172642054DF
:1070D0007970653A205374616E6461726420436113
:1070E000706163697479205344204361726420564F
:1070F000312E310D0A004F454D2F4170706C696380
:107100006174696F6E2049443A20307825580D0A21
:10711000004D616E756661637475726572204944D5
:107120003A20307825580D0A0050726F64756374E8
:107130002053657269616C204E756D6265723A20EC
:107140003078253038580D0A0050726F64756374BA
:10715000205265766973696F6E3A2025642E256426
:107160000D0A0046415446532046494C45206F7055
:10717000656E287265616429206661696C656421A9
:10718000207265733D25640D0A0046415446532024
:1071900046494C452072656164206661696C65648E
:1071A00021207265733D25642062723D256420654F
:1071B00078706563743D25640D0A0046415446535A
:1071C000206C6F6E672D6E616D65207665726966E5
:1071D00079206661696C65640D0A00436172642000
:1071E000547970653A20486967682043617061632B
:1071F00069747920534420436172640D0A0043612D
:10720000726420547970653A204D756C74696D65AF
:1072100064696120436172640D0A004361726420F5
:10722000547970653A2048696768205370656564D1
:10723000204D756C74696D65646961204361726489
:107240000D0A004361726420547970653A204869E0
:107250006768204361706163697479204D756C744F
:10726000696D6564696120436172640D0A00436160
:10727000726420547970653A20556E6B6E6F776E2C
:107280000D0A004641544653206C6F6E672D6E61A7
:107290006D6520504153533A2025730D0A005072FA
:1072A0006F64756374204E616D653A2025730D0A15
:1072B00000464154465320526561642046696C651E
:1072C0002053756363657373210D0A5468652063E9
:1072D0006F6E74656E742069733A25730D0A000D24
:1072E0000A232320426C6F636B2073697A652069DF
:1072F0007320256442202323000D0A232320426C9F
:107300006F636B20636F756E742069732025642032
:107310002323000D0A2323204465766963652073C7
:10732000697A652069732025644B422028252E3216
:10733000664742292323003F00303A2F46415446F6
:10734000532E545854006465627567207278206C1F
:10735000656E3D25750D0A004461746120564552E5
:10736000494649434154494F4E204641494C4544C2
:10737000210D0A0057726974696E67206461746137
:1073800020746F2061646472657373203078256C9B
:10739000583A20222573220D0A004461746120723C
:1073A0006561643A2022252E2A73220D0A00526557
:1073B0006164696E6720646174612066726F6D201C
:1073C00061646472657373203078256C582E2E2E9C
:1073D0000D0A00457261736520636865636B204622
:1073E00041494C45442E0D0A004572617365206386
:1073F0006865636B205041535345442E20536563A9
:10740000746F7220697320616C6C20307846462E50
:107410000D0A00446174612056455249464945446D
:107420002120577269746520616E64205265616421
:10743000207375636365737366756C2E0D0A005354
:10744000504920464C415348205465737420456E82
:10745000640D0A005B4F54415D2050726F67726586
:1074600073733A2025752F25752028257525252924
:107470000D0A004F54413A20626567696E2C2076F0
:1074800065723D3078253038582C2073697A653D17
:1074900025752C206372633D3078253038580D0AED
:1074A0000000000048656C6C6F2066726F6D2053A1
:1074B000544D333220746F2053504920464C415371
:1074C0004821204D6963726F756E696F6E20537429
:1074D0007564696F2054657374202D203132333404
:1074E000352E0000410042004300440045004600A4
:1074F0004700480049004A004B004C004D004E0038
:107500004F005000510052005300540055005600E7
:107510005700580059005A002100E0FFE1FFE5FF45
:10752000E2FFE3FFC000C100C200C300C400C50009
:10753000C600C700C800C900CA00CB00CC00CD00FF
:10754000CE00CF00D000D100D200D300D400D500AF
:10755000D600D800D900DA00DB00DC00DD00DE0058
:107560007801000102010401060108010A010C0171
:107570000E01100112011401160118011A011C015B
:107580001E01200122012401260128012A012C01CB
:107590002E01300132013401360139013B013D0138
:1075A0003F0141014301450147014A014C014E01A0
:1075B000500152015401560158015A015C015E010B
:1075C000600162016401660168016A016C016E017B
:1075D000700172017401760179017B017D019101D5
:1075E00091039203930394039503960397039803DF
:1075F00099039A039B039C039D039E039F03A0038F
:10760000A103A303A403A503A603A703A803A90337
:10761000AA0310041104120413041404150416041C
:107620001704180419041A041B041C041D041E0466
:107630001F04200421042204230424042504260416
:107640002704280429042A042B042C042D042E04C6
:107650002F040104020403040404050406040704BF
:10766000080409040A040B040C040E040F0460212E
:1076700061216221632164216521662167216821DE
:1076800069216A216B216C216D216E216F2121FFFF
:1076900022FF23FF24FF25FF26FF27FF28FF29FFC6
:1076A0002AFF2BFF2CFF2DFF2EFF2FFF30FF31FF76
:1076B00032FF33FF34FF35FF36FF37FF38FF39FF26
:1076C0003AFF00006100620063006400650066002C
:1076D0006700680069006A006B006C006D006E0056
:1076E0006F00700071007200730074007500760006
:1076F0007700780079007A00A100A200A300A5001D
:10770000AC00AF00E000E100E200E300E400E500CF
:10771000E600E700E800E900EA00EB00EC00ED001D
:10772000EE00EF00F000F100F200F300F400F500CD
:10773000F600F800F900FA00FB00FC00FD00FE0076
:10774000FF00010103010501070109010B010D0102
:107750000F01110113011501170119011B011D0171
:107760001F01210123012501270129012B012D01E1
:107770002F0131013301350137013A013C013E014E
:10778000400142014401460148014B014D014F01B6
:10779000510153015501570159015B015D015F0121
:1077A000610163016501670169016B016D016F0191
:1077B00071017301750177017A017C017E019201EB
:1077C000B103B203B303B403B503B603B703B803FD
:1077D000B903BA03BB03BC03BD03BE03BF03C003AD
:1077E000C103C303C403C503C603C703C803C90356
:1077F000CA0330043104320433043404350436043B
:107800003704380439043A043B043C043D043E0484
:107810003F04400441044204430444044504460434
:107820004704480449044A044B044C044D044E04E4
:107830004F0451045204530454045504560457048D
:10784000580459045A045B045C045E045F0470210C
:10785000712172217321742175217621772178217C
:1078600079217A217B217C217D217E217F2141FF8D
:1078700042FF43FF44FF45FF46FF47FF48FF49FFE4
:107880004AFF4BFF4CFF4DFF4EFF4FFF50FF51FF94
:1078900052FF53FF54FF55FF56FF57FF58FF59FF44
:1078A0005AFF0000D878010800000020780000008E
:1078B000D85B01085079010810980020500500009D
:1078C000D85B0108507901087800002098970000E3
:1078D000E85B0108F969FFFF001C4E0EAED580A8D9
:1078E0001FD300408D14A1C8DA008180D91FDB406E
:1078F000A4AFFF40000100000D0E010801000000D0
:107900000000000021E50008640000000000000005
:10791000F91101080A00000000000000510D0108E3
:1079200005000000000000007D4F01080500000078
:107930000000000031290108F401000000000000EF
:107940001D00000001000000010001000101000015
:1079500070B539B101444FF6FF720139C0F6070224
:10796000914201D9002070BD40F6FF7220EA020466
:107970004FF20000C0F6FF7001EA000600F00AFABC
:1079800000F05AF8B44201D901250CE0204600F07D
:107990008DF900F061F8054628B100F04DF804F5C6
:1079A0008054B442F2D900F077F9284670BD00BF88
:1079B00070B50646B0F1006F4FF000003AD30D46A7
:1079C000002908BF70BD1446A2B34FF6FF713019ED
:1079D000CFF2F7710844013188423CBF002070BDEE
:1079E00000F0D8F900F028F8B0070ED1042C0CD321
:1079F0002968304600F0E2F900F02EF8B0B1043CFE
:107A00000436032C05F10405F2D85CB115F8011B0E
:107A1000304600F0C1F800F01FF838B1013C06F123
:107A20000106F3D100F008F8012400E0002400F082
:107A300033F9204670BD00BF80B5012000F01CF96D
:107A4000102000F019F9802000F016F94020BDE860
:107A5000804000F011B900BF10B50120CFF6C07012
:107A600004464FF4803000F00DF918B1002C04F1F9
:107A70000100F5D1002C18BF0124204610BD0000E4
:107A800070B501B301444E1E40F6FF7120EA0104B7
:107A90006FF30B0600F07EF900F018F8B44201D93C
:107AA00001250CE0204600F001F900F01FF8054622
:107AB00028B100F00BF804F58054B442F2D900F07C
:107AC000EBF8284670BD002070BD00BF80B50120D6
:107AD00000F0D2F8102000F0CFF8802000F0CCF8B1
:107AE0004020BDE8804000F0C7B800BF10B50120BD
:107AF000CFF6C07004464FF4803000F0C3F818B1E0
:107B0000002C04F10100F5D1002C18BF01242046FF
:107B100010BD00BF70B50646B0F1006F4FF0000019
:107B200038BF70BD0D46A9B34FF6FF71B018CFF244
:107B3000F77108440131144688423CBF002070BDF3
:107B400000F028F9FFF7C2FFB0070ED1042C0CD3C8
:107B50002968304600F032F9FFF7C8FFB0B1043CA5
:107B60000436032C05F10405F2D85CB115F8011BAD
:107B7000304600F011F8FFF7B9FF38B1013C06F1CB
:107B80000106F3D1FFF7A2FF012400E0002400F07A
:107B900083F8204670BD0000B0B50123CBF200038E
:107BA00043F6104E8446C4F2020E06241A4600BF65
:107BB0005EF8040CC5030DD4C5050DD405060DD41F
:107BC00045060DD4C5065ABF800704EAE0700520BB
:107BD00008E000BF012005E0022003E0032001E0EF
:107BE000042000BF012802F1010201D1002ADFD1E7
:107BF000002A08BF0720002818BFB0BDDEF800002B
:107C000020F44070CEF80000DEF80000CEF800004E
:107C1000DEF8000040F00100CEF800008CF8001003
:107C2000062100BF5EF8040CC2030DD4C2050DD4BA
:107C300002060DD442060DD4C2065ABF800701EADF
:107C4000E070052008E000BF012005E0022003E00D
:107C5000032001E0042000BF012803F1010301D14A
:107C6000002BDFD1002B08BF0720DEF8001021F029
:107C70000101CEF80010B0BD43F60C41C4F2020180
:107C80000860704743F60C41C4F2020109680840DD
:107C900018BF01207047000043F61040C4F20200F4
:107CA000016841F0004101607047000010B50121FA
:107CB000CBF2000143F610428446C4F202024FF0B8
:107CC000060E0B4652F8040CC4030DD4C4050DD4A3
:107CD00004060DD444060DD4C4065ABF80070EEA2C
:107CE000E070052008E000BF012005E0022003E06D
:107CF000032001E0042000BF012803F1010301D1AA
:107D0000002BDFD1002B08BF0720002818BF10BDB3
:107D10004CF2D670CAF6B81050614CF000401061B9
:107D20001068062320F0F8001060106840F0020090
:107D30001060106840F48030106000BF52F8040CEE
:107D4000C4030DD4C4050DD404060DD444060DD4CB
:107D5000C4065ABF800703EAE070052008E000BFB0
:107D6000012005E0022003E0032001E0042000BF21
:107D7000012801F1010101D10029DFD11369002996
:107D800023F0004108BF07201161116821F00201B2
:107D9000116010BD43F60440C4F20200C168B1F1A5
:107DA000FF3FC8BF704740F22311C4F26751016022
:107DB00048F6AB11CCF6EF5101607047B0B5012326
:107DC000CBF2000343F6104E8446C4F2020E0624A2
:107DD0001A4600BF5EF8040CC5030DD4C5050DD4CA
:107DE00005060DD445060DD4C5065ABF800704EA22
:107DF000E070052008E000BF012005E0022003E05C
:107E0000032001E0042000BF012802F1010201D19A
:107E1000002ADFD1002A08BF0720002818BFB0BD04
:107E2000DEF8000020F44070CEF80000DEF800001C
:107E300040F40070CEF80000DEF8000040F00100D1
:107E4000CEF80000CCF80010062100BF5EF8040C4C
:107E5000C2030DD4C2050DD402060DD442060DD4C2
:107E6000C2065ABF800701EAE070052008E000BFA3
:107E7000012005E0022003E0032001E0042000BF10
:107E8000012803F1010301D1002BDFD1002B08BF32
:107E90000720DEF8001021F00101CEF80010B0BD7F
:040000050800D1AD71
:00000001FF
